i,especie_1,especie_2,energia_valor,energia_unidade,energia_tipo,experimento,acelerador,instituicao,observaveis,ano_de_publicacao,confere
1,p,p,,,nao_informado,,LHC,CERN,['higgs'],2018,
4,Pb,Pb,,,nao_informado,,,CERN,"['estranheza', 'sondas_eletromagneticas', 'quarkonia']",2001,
7,p,,360,GeV,energia_de_feixe,HOBC,,CERN,"['multiplicidade', 'espectro_de_particulas', 'correlacoes']",1991,True
10,p,p,,,nao_informado,,LHC,CERN,['higgs'],2010,
13,p,p,,,nao_informado,ALICE,LHC,CERN,"['estranheza', 'multiplicidade']",2025,
18,p,p,7,TeV,sqrt_s_NN,LHCf,LHC,CERN,['espectro_de_particulas'],2013,True
18,p,p,0.9,TeV,sqrt_s_NN,LHCf,LHC,CERN,['espectro_de_particulas'],2013,True
26,p,p,7,TeV,sqrt_s_NN,LHCf,LHC,CERN,"['choque_espalhamento', 'espectro_de_particulas']",2013,True
38,Al,O,60,GeV,energia_de_feixe,WA80,,CERN,['espectro_de_particulas'],1992,True
38,Al,O,200,GeV,energia_de_feixe,WA80,,CERN,['espectro_de_particulas'],1992,True
38,Al,S,200,GeV,energia_de_feixe,WA80,,CERN,['espectro_de_particulas'],1992,True
39,Au,Au,,,nao_informado,,,BNL,['multiplicidade'],1998,
50,p,p,,,nao_informado,,LHC,CERN,['quarkonia'],2023,
56,p,p,,,nao_informado,,LHC,CERN,"['correlacoes', 'espectro_de_particulas']",2011,
57,p,p,13,TeV,sqrt_s_NN,LHCf,LHC,CERN,['producao_de_hadrons'],2025,True
67,Au,Au,,,nao_informado,,RHIC,BNL,['fluxo'],2006,
68,p,p,,,nao_informado,LHCb,LHC,CERN,"['quarkonia', 'choque_espalhamento']",2024,
72,Pb,Pb,,,nao_informado,,LHC,CERN,['geometria_colisao'],2015,
72,p,Pb,,,nao_informado,,LHC,CERN,['geometria_colisao'],2015,
75,p,p,,,nao_informado,CMS,,CERN,"['correlacoes', 'fluxo', 'multiplicidade']",2015,
77,p,p,13,TeV,sqrt_s_NN,LHCb,,CERN,"['producao_de_bosons', 'espectro_de_particulas']",2024,True
78,p,p,,,nao_informado,,LHC,CERN,['choque_espalhamento'],2006,
79,Pb,Pb,,,nao_informado,,SPS,CERN,"['espectro_de_particulas', 'interferometria']",2004,
83,Au,Au,200,GeV,sqrt_s_NN,PHENIX,RHIC,BNL,['sondas_eletromagneticas'],2010,True
85,p,Pb,,,nao_informado,,LHC,CERN,"['geometria_colisao', 'supressao']",2016,
86,Au,Au,,,nao_informado,,RHIC,BNL,"['multiplicidade', 'energia_transversa_densidade']",2003,
86,Pb,Pb,,,nao_informado,,SPS,CERN,"['multiplicidade', 'energia_transversa_densidade']",2003,
89,p,p,,,nao_informado,,SPS,CERN,['choque_espalhamento'],2015,
89,p,p,,,nao_informado,,LHC,CERN,['choque_espalhamento'],2015,
97,p,p,,,nao_informado,,LHC,CERN,['quarkonia'],2023,
103,,,200,GeV,sqrt_s_NN,,RHIC,BNL,"['quarkonia', 'correlacoes']",2008,True
103,,,5500,GeV,sqrt_s_NN,,LHC,CERN,"['quarkonia', 'correlacoes']",2008,True
105,Pb,Pb,,,nao_informado,NA49,,CERN,"['espectro_de_particulas', 'geometria_colisao']",2002,
112,p,p,,,nao_informado,,"SPS, LHC",CERN,['multiplicidade'],2016,
114,Au,Au,200,GeV,sqrt_s_NN,,RHIC,BNL,"['supressao', 'fluxo']",2005,True
115,p,p,,,nao_informado,,LHC,CERN,['neutrons_emissao_frontal'],2015,
115,Pb,p,,,nao_informado,,LHC,CERN,['neutrons_emissao_frontal'],2015,
115,Pb,Pb,,,nao_informado,,LHC,CERN,['neutrons_emissao_frontal'],2015,
118,Pb,Pb,158,GeV,energia_de_feixe,NA49,,CERN,"['espectro_de_particulas', 'geometria_colisao']",2001,True
121,Pb,p,8.16,TeV,sqrt_s_NN,LHCb,LHC,CERN,"['producao_de_hadrons', 'choque_espalhamento']",2024,True
121,p,p,13,TeV,sqrt_s_NN,LHCb,LHC,CERN,"['quarkonia', 'choque_espalhamento']",2024,True
122,p,p,100,GeV,energia_de_feixe,,RHIC,BNL,['spin_e_polarizacao'],2007,True
122,p,p,250,GeV,energia_de_feixe,,RHIC,BNL,['spin_e_polarizacao'],2007,True
125,p,p,900,GeV,sqrt_s_NN,LHCf,LHC,CERN,"['choque_espalhamento', 'neutrons_emissao_frontal', 'producao_de_hadrons']",2011,True
125,p,p,7,TeV,sqrt_s_NN,LHCf,LHC,CERN,"['choque_espalhamento', 'neutrons_emissao_frontal', 'producao_de_hadrons']",2011,True
126,p,p,200,GeV,sqrt_s_NN,STAR,,BNL,"['quarkonia', 'espectro_de_particulas']",2024,True
126,p,p,7,TeV,sqrt_s_NN,ALICE,,CERN,"['quarkonia', 'espectro_de_particulas']",2024,True
126,Pb,p,7,TeV,sqrt_s_NN,ALICE,,CERN,"['quarkonia', 'espectro_de_particulas']",2024,True
132,p,,,,nao_informado,,,Fermilab,['choque_espalhamento'],1993,
136,p,p,,,sqrt_s_NN,,LHC,CERN,['multiplicidade'],2006,
139,p,p,,,nao_informado,ATLAS,LHC,CERN,"['espectro_de_particulas', 'producao_de_jatos']",2015,
139,p,p,,,nao_informado,STAR,RHIC,BNL,"['espectro_de_particulas', 'correlacoes']",2015,
155,p,p,13,TeV,sqrt_s_NN,,LHC,CERN,['pid'],2021,True
170,p,p,,,nao_informado,ALICE,LHC,CERN,"['antimateria_nucleos_leves', 'espectro_de_particulas']",2021,
170,Pb,p,,,nao_informado,ALICE,LHC,CERN,"['antimateria_nucleos_leves', 'espectro_de_particulas']",2021,
170,Pb,Pb,,,nao_informado,ALICE,LHC,CERN,"['antimateria_nucleos_leves', 'espectro_de_particulas']",2021,
171,p,p,,,nao_informado,,LHC,CERN,"['quarkonia', 'espectro_de_particulas']",2017,
171,Pb,p,,,nao_informado,,LHC,CERN,"['quarkonia', 'espectro_de_particulas']",2017,
177,Au,Au,200,GeV,sqrt_s_NN,"STAR, PHENIX",,BNL,"['fluxo', 'espectro_de_particulas']",2009,True
177,Au,Au,62.4,GeV,sqrt_s_NN,"STAR, PHENIX",,BNL,"['fluxo', 'espectro_de_particulas']",2009,True
177,Cu,Cu,200,GeV,sqrt_s_NN,"STAR, PHENIX",,BNL,"['fluxo', 'espectro_de_particulas']",2009,True
179,Au,Au,200,GeV,sqrt_s_NN,,RHIC,BNL,"['supressao', 'fluxo']",2004,True
185,Au,d,,,nao_informado,,RHIC,BNL,"['choque_espalhamento', 'correlacoes']",2006,
185,Au,p,,,nao_informado,,RHIC,BNL,"['choque_espalhamento', 'correlacoes']",2006,
192,Au,Au,200,GeV,sqrt_s_NN,PHENIX,,BNL,"['geometria_colisao', 'multiplicidade']",2007,True
193,Al,Si,14.6,GeV,energia_de_feixe,,AGS,BNL,['espectro_de_particulas'],2002,True
193,Pb,Si,14.6,GeV,energia_de_feixe,,AGS,BNL,['espectro_de_particulas'],2002,True
193,Pb,Pb,158,GeV,energia_de_feixe,,SPS,CERN,['espectro_de_particulas'],2002,True
193,S,S,200,GeV,energia_de_feixe,,SPS,CERN,['espectro_de_particulas'],2002,True
196,Pb,Pb,158A,GeV/c,energia_de_feixe,NA50,,CERN,"['quarkonia', 'geometria_colisao', 'choque_espalhamento']",2006,True
197,p,p,,,nao_informado,LHCb,LHC,CERN,"['choque_espalhamento', 'quarkonia', 'espectro_de_particulas']",2025,
203,Au,Xe,44,MeV/u,nao_informado,MEDEA,,,"['sondas_eletromagneticas', 'geometria_colisao']",1993,True
205,Au,Au,,,nao_informado,,RHIC,BNL,"['interferometria', 'multiplicidade']",2020,
205,Pb,Pb,,,nao_informado,,LHC,CERN,"['interferometria', 'multiplicidade']",2020,
205,Xe,Xe,,,nao_informado,,LHC,CERN,"['interferometria', 'multiplicidade']",2020,
213,Au,Au,,,nao_informado,,RHIC,BNL,['fluxo'],2007,
215,p,p,,,nao_informado,,Tevatron,Fermilab,['quarkonia'],2001,
218,Au,d,,,nao_informado,,RHIC,BNL,['correlacoes'],2011,
225,p,p,,,nao_informado,,LHC,CERN,"['multiplicidade', 'estranheza', 'quarkonia']",2022,
225,Pb,p,,,nao_informado,,LHC,CERN,"['multiplicidade', 'estranheza', 'quarkonia']",2022,
225,Pb,Pb,,,nao_informado,,LHC,CERN,"['multiplicidade', 'estranheza', 'quarkonia', 'fluxo']",2022,
226,Au,Au,,,nao_informado,PHENIX,,BNL,['sondas_eletromagneticas'],2025,
230,Au,Au,,,nao_informado,,RHIC,BNL,['fluxo'],2005,
234,Au,Au,,,nao_informado,,RHIC,BNL,"['choque_espalhamento', 'termodinamica_equacao_de_estado']",2002,
236,Au,d,,,nao_informado,BRAHMS,RHIC,BNL,"['producao_de_hadrons', 'choque_espalhamento']",2004,
243,Pb,Pb,,,nao_informado,CMS,LHC,CERN,"['espectro_de_particulas', 'taxa_de_eventos']",2026,
243,p,p,,,nao_informado,CMS,LHC,CERN,"['espectro_de_particulas', 'taxa_de_eventos']",2026,
244,p,p,14,TeV,sqrt_s_NN,LHCf,LHC,CERN,['espectro_de_particulas'],2011,True
245,p,p,,,nao_informado,,LHC,CERN,['choque_espalhamento'],2017,
253,p,p,7,TeV,sqrt_s_NN,LHCf,LHC,CERN,"['espectro_de_particulas', 'sondas_eletromagneticas']",2013,True
253,p,p,900,GeV,sqrt_s_NN,LHCf,LHC,CERN,"['espectro_de_particulas', 'sondas_eletromagneticas']",2013,True
254,p,p,7,TeV,sqrt_s_NN,ATLAS,LHC,CERN,"['choque_espalhamento', 'quarkonia', 'espectro_de_particulas']",2012,True
256,Au,Au,65,GeV,nao_informado,,RHIC,BNL,['producao_de_hadrons'],2004,True
267,p,p,,,nao_informado,,LHC,CERN,['quarkonia'],2022,
269,p,p,7,TeV,sqrt_s_NN,CMS,LHC,CERN,"['correlacoes', 'multiplicidade']",2011,True
279,p,p,200,GeV,sqrt_s_NN,STAR,RHIC,BNL,"['producao_de_hadrons', 'spin_e_polarizacao']",2006,True
279,p,p,500,GeV,sqrt_s_NN,STAR,RHIC,BNL,"['producao_de_hadrons', 'spin_e_polarizacao']",2006,True
283,Pb,Pb,,,nao_informado,,LHC,CERN,"['estranheza', 'espectro_de_particulas']",2022,
283,Pb,p,,,nao_informado,,LHC,CERN,"['estranheza', 'espectro_de_particulas']",2022,
283,Xe,Xe,,,nao_informado,,LHC,CERN,"['estranheza', 'espectro_de_particulas']",2022,
287,p,p,,,nao_informado,,LHC,CERN,['producao_de_bosons'],2017,
290,O,O,7,TeV,sqrt_s_NN,ALICE,LHC,CERN,"['espectro_de_particulas', 'multiplicidade']",2024,True
292,p,p,,,nao_informado,,LHC,CERN,"['correlacoes', 'flutuacoes', 'interferometria']",2004,
296,p,p,0.9,TeV,sqrt_s_NN,LHCf,LHC,CERN,['neutrons_emissao_frontal'],2022,True
296,p,p,2.76,TeV,sqrt_s_NN,LHCf,LHC,CERN,['neutrons_emissao_frontal'],2022,True
296,p,p,7,TeV,sqrt_s_NN,LHCf,LHC,CERN,['neutrons_emissao_frontal'],2022,True
296,p,p,13,TeV,sqrt_s_NN,LHCf,LHC,CERN,['neutrons_emissao_frontal'],2022,True
296,O,p,,,nao_informado,LHCf,LHC,CERN,['neutrons_emissao_frontal'],2022,
296,O,O,,,nao_informado,LHCf,LHC,CERN,['neutrons_emissao_frontal'],2022,
296,Pb,p,5.02,TeV,sqrt_s_NN,LHCf,LHC,CERN,['neutrons_emissao_frontal'],2022,True
296,Pb,p,8.16,TeV,sqrt_s_NN,LHCf,LHC,CERN,['neutrons_emissao_frontal'],2022,True
297,p,p,,,nao_informado,,LHC,CERN,"['sondas_eletromagneticas', 'producao_de_hadrons']",2014,
301,Au,Au,200,GeV,sqrt_s_NN,BRAHMS,RHIC,BNL,['espectro_de_particulas'],2014,True
301,Cu,Cu,200,GeV,sqrt_s_NN,PHOBOS,RHIC,BNL,['espectro_de_particulas'],2014,True
301,Pb,Pb,2.76,TeV,sqrt_s_NN,ALICE,LHC,CERN,['espectro_de_particulas'],2014,True
303,Pb,Pb,,,nao_informado,,LHC,CERN,"['supressao', 'geometria_colisao']",2013,
303,p,p,,,nao_informado,,LHC,CERN,"['supressao', 'geometria_colisao']",2013,
307,p,p,,,nao_informado,,LHC,CERN,['correlacoes'],2010,
310,Au,Au,,,nao_informado,,RHIC,BNL,['multiplicidade'],2005,
310,Pb,Pb,,,nao_informado,,LHC,CERN,['multiplicidade'],2005,
322,p,p,900,GeV,sqrt_s_NN,LHCf,LHC,CERN,['espectro_de_particulas'],2016,True
322,p,p,7,TeV,sqrt_s_NN,LHCf,LHC,CERN,['espectro_de_particulas'],2016,True
322,p,Pb,5.02,TeV,sqrt_s_NN,LHCf,LHC,CERN,['espectro_de_particulas'],2016,True
323,p,p,,,nao_informado,,LHC,CERN,['choque_espalhamento'],2010,
324,p,p,,,nao_informado,,LHC,CERN,"['producao_de_jatos', 'correlacoes', 'choque_espalhamento']",2013,
324,Pb,p,,,nao_informado,,LHC,CERN,"['producao_de_jatos', 'correlacoes', 'choque_espalhamento']",2013,
330,Au,Au,200,GeV,sqrt_s_NN,,RHIC,BNL,['supressao'],2004,True
331,p,p,,,nao_informado,,SPS,CERN,"['multiplicidade', 'producao_de_jatos']",2023,
331,Pb,p,,,nao_informado,,SPS,CERN,"['multiplicidade', 'producao_de_jatos']",2023,
331,Au,d,,,nao_informado,,Tevatron,Fermilab,"['multiplicidade', 'producao_de_jatos']",2023,
332,Au,Au,,,nao_informado,,RHIC,BNL,"['supressao', 'choque_espalhamento']",2010,
332,Cu,Cu,,,nao_informado,,RHIC,BNL,"['supressao', 'choque_espalhamento']",2010,
334,p,p,2.76,TeV,sqrt_s_NN,CMS,LHC,CERN,"['choque_espalhamento', 'producao_de_jatos']",2022,True
353,p,p,7,TeV,energia_de_feixe,CMS,,CERN,['radiacao'],2011,True
355,p,p,,,nao_informado,LHCb,LHC,CERN,"['producao_de_hadrons', 'multiplicidade']",2026,
360,Xe,Xe,,,nao_informado,,LHC,CERN,['fluxo'],2022,
361,p,p,13,TeV,sqrt_s_NN,ALICE,LHC,CERN,"['quarkonia', 'espectro_de_particulas', 'multiplicidade']",2023,True
364,p,p,13,TeV,sqrt_s_NN,,LHC,CERN,['quarkonia'],2025,True
367,Au,d,,,nao_informado,BRAHMS,RHIC,BNL,"['supressao', 'producao_de_hadrons']",2004,
368,Cu,Cu,62.4,GeV,sqrt_s_NN,STAR,,BNL,"['fluxo', 'espectro_de_particulas']",2012,True
368,Cu,Cu,200,GeV,sqrt_s_NN,STAR,,BNL,"['fluxo', 'espectro_de_particulas']",2012,True
369,p,p,14,TeV,sqrt_s_NN,,LHC,CERN,['caracterizacao_de_detector'],2011,True
374,Au,p,,,nao_informado,,AGS,BNL,"['fragmentacao_hadronizacao', 'transicoes_diagrama_de_fase']",2003,
375,p,p,,,nao_informado,,Tevatron,Fermilab,['producao_de_jatos'],1996,
378,p,p,7,TeV,sqrt_s_NN,LHCb,,CERN,['correlacoes'],2017,True
378,p,p,8,TeV,sqrt_s_NN,LHCb,,CERN,['correlacoes'],2017,True
383,p,p,,,nao_informado,,RHIC,BNL,['espectro_de_particulas'],2013,
383,p,p,,,nao_informado,,LHC,CERN,['espectro_de_particulas'],2013,
384,p,p,13.6,TeV,sqrt_s_NN,SND@LHC,LHC,CERN,['neutrinos'],2024,True
386,U,U,,,nao_informado,,RHIC,BNL,"['efeitos_nucleares', 'partons_pdfs']",1991,
386,U,U,,,nao_informado,,LHC,CERN,"['efeitos_nucleares', 'partons_pdfs']",1991,
398,Pb,Pb,,,nao_informado,,LHC,CERN,['fluxo'],2024,
398,Pb,p,,,nao_informado,,LHC,CERN,['fluxo'],2024,
398,p,p,,,nao_informado,,LHC,CERN,['fluxo'],2024,
404,p,p,,,nao_informado,,LHC,CERN,['choque_espalhamento'],2013,
413,p,p,,,nao_informado,,LHC,CERN,['choque_espalhamento'],2017,
414,p,p,14,TeV,sqrt_s_NN,ATLAS,LHC,CERN,['espectro_de_particulas'],2009,True
416,p,p,,,nao_informado,,SPS,CERN,"['flutuacoes', 'propriedades_de_jatos']",2002,
417,p,p,,,nao_informado,,LHC,CERN,"['espectro_de_particulas', 'supressao']",2012,
423,p,,800,GeV,energia_de_feixe,E866,,Fermilab,['sondas_eletromagneticas'],2003,True
425,Au,Au,11.6,GeV,energia_de_feixe,E866,AGS,BNL,['espectro_de_particulas'],1999,True
425,Pb,Pb,158,GeV,energia_de_feixe,NA44,SPS,CERN,['espectro_de_particulas'],1999,True
428,p,Pb,,,nao_informado,CMS,,CERN,"['correlacoes', 'supressao']",2014,
430,Au,Au,,,nao_informado,STAR,RHIC,BNL,['flutuacoes'],2026,
436,p,p,,,nao_informado,,Large Hadron Collider,CERN,"['fluxo', 'multiplicidade', 'producao_de_hadrons']",2023,
438,Au,Au,100,GeV,energia_de_feixe,STAR,RHIC,BNL,['qgp'],1994,True
439,p,p,,,nao_informado,,LHC,CERN,['producao_de_hadrons'],2013,
449,p,p,,,nao_informado,,ISR,CERN,"['choque_espalhamento', 'espectro_de_particulas', 'quarkonia']",2009,
449,p,p,,,nao_informado,,RHIC,BNL,"['choque_espalhamento', 'espectro_de_particulas', 'quarkonia']",2009,
449,p,p,,,nao_informado,,Tevatron,Fermilab,"['choque_espalhamento', 'espectro_de_particulas', 'quarkonia']",2009,
449,p,p,,,nao_informado,,U70,IHEP,"['choque_espalhamento', 'espectro_de_particulas', 'quarkonia']",2009,
449,p,p,,,nao_informado,,LHC,CERN,"['choque_espalhamento', 'espectro_de_particulas', 'quarkonia']",2009,
454,p,p,,,nao_informado,,LHC,CERN,"['producao_de_jatos', 'correlacoes']",2020,
455,Au,Au,,,nao_informado,,RHIC,BNL,"['espectro_de_particulas', 'geometria_colisao', 'multiplicidade', 'correlacoes']",2025,
455,p,p,,,nao_informado,,RHIC,BNL,"['espectro_de_particulas', 'geometria_colisao', 'multiplicidade', 'correlacoes']",2025,
455,Pb,p,,,nao_informado,,LHC,CERN,"['espectro_de_particulas', 'geometria_colisao', 'multiplicidade', 'correlacoes']",2025,
455,Pb,Pb,,,nao_informado,,LHC,CERN,"['espectro_de_particulas', 'geometria_colisao', 'multiplicidade', 'correlacoes']",2025,
457,Cu,Cu,,,nao_informado,PHOBOS,RHIC,BNL,"['espectro_de_particulas', 'geometria_colisao']",2014,
457,Au,Au,,,nao_informado,PHOBOS,RHIC,BNL,"['espectro_de_particulas', 'geometria_colisao']",2014,
458,AgBr,Si,14.5,GeV,energia_de_feixe,,AGS,BNL,"['multiplicidade', 'flutuacoes']",2007,True
458,AgBr,S,200,GeV,energia_de_feixe,,SPS,CERN,"['multiplicidade', 'flutuacoes']",2007,True
466,p,p,,,nao_informado,,LHC,CERN,['choque_espalhamento'],2012,
481,p,p,13,TeV,sqrt_s_NN,ATLAS,,CERN,"['espectro_de_particulas', 'supersimetria']",2019,True
483,Pb,Pb,2.76,TeV,sqrt_s_NN,,LHC,CERN,"['quarkonia', 'choque_espalhamento']",2015,True
483,p,p,2.76,TeV,sqrt_s_NN,,LHC,CERN,"['quarkonia', 'choque_espalhamento']",2015,True
486,Au,Au,,,nao_informado,,NICA,JINR,['geometria_colisao'],2015,
488,p,p,,,nao_informado,,LHC,CERN,"['assimetria_de_carga', 'producao_de_hadrons']",2008,
492,p,p,,,nao_informado,LHCf,,CERN,"['espectro_de_particulas', 'producao_de_hadrons']",2015,
505,p,p,7,TeV,sqrt_s_NN,,LHC,CERN,"['producao_de_bosons', 'choque_espalhamento']",2018,True
505,p,p,8,TeV,sqrt_s_NN,,LHC,CERN,"['producao_de_bosons', 'choque_espalhamento']",2018,True
505,p,p,13,TeV,sqrt_s_NN,,LHC,CERN,"['producao_de_bosons', 'choque_espalhamento']",2018,True
507,Au,d,,,nao_informado,,RHIC,BNL,['gluons_saturacao'],2006,
508,p,p,13,TeV,sqrt_s_NN,ALICE,LHC,CERN,"['estranheza', 'multiplicidade', 'espectro_de_particulas']",2024,True
511,p,p,2.76,TeV,sqrt_s_NN,ALICE,,CERN,"['producao_de_hadrons', 'correlacoes']",2017,True
511,Pb,Pb,2.76,TeV,sqrt_s_NN,ALICE,,CERN,"['correlacoes', 'supressao']",2017,True
514,p,p,,,nao_informado,CDF,,Fermilab,"['choque_espalhamento', 'correlacoes']",2004,
514,p,p,,,nao_informado,,LHC,CERN,"['higgs', 'choque_espalhamento']",2004,
516,Au,Au,,,nao_informado,STAR,RHIC,BNL,['correlacoes'],2017,
516,p,p,,,nao_informado,,LHC,CERN,['correlacoes'],2017,
516,Pb,p,,,nao_informado,,LHC,CERN,['correlacoes'],2017,
516,Pb,Pb,,,nao_informado,,LHC,CERN,['correlacoes'],2017,
517,p,p,0.9,TeV,sqrt_s_NN,,LHC,CERN,['espectro_de_particulas'],2011,True
517,p,p,2.36,TeV,sqrt_s_NN,,LHC,CERN,['espectro_de_particulas'],2011,True
517,p,p,7,TeV,sqrt_s_NN,,LHC,CERN,['espectro_de_particulas'],2011,True
519,p,p,13,TeV,sqrt_s_NN,CMS,,CERN,['supersimetria'],2021,True
523,p,p,,,nao_informado,,Tevatron,Fermilab,['top_quark'],2014,
525,Au,Au,,,nao_informado,BRAHMS,RHIC,BNL,['espectro_de_particulas'],2006,
529,Au,Au,200,GeV,sqrt_s_NN,PHOBOS,RHIC,BNL,['espectro_de_particulas'],2013,True
530,Pb,Pb,5.02,TeV,sqrt_s_NN,ALICE,,CERN,"['multiplicidade', 'hidrodinamica_transporte']",2026,True
531,p,p,5.02,TeV,sqrt_s_NN,ATLAS,LHC,CERN,"['choque_espalhamento', 'quarkonia']",2026,True
531,p,p,13,TeV,sqrt_s_NN,ATLAS,LHC,CERN,"['choque_espalhamento', 'quarkonia']",2026,True
533,Au,Au,,,nao_informado,,RHIC,BNL,"['supressao', 'fluxo']",2010,
539,Pb,Pb,5500,GeV,sqrt_s_NN,,LHC,CERN,"['supressao', 'sondas_eletromagneticas']",2009,True
540,p,p,,,nao_informado,WA102,,CERN,"['choque_espalhamento', 'espectro_de_particulas']",2021,
542,Pb,p,,,nao_informado,,LHC,CERN,"['multiplicidade', 'geometria_colisao']",2018,
542,Pb,Pb,,,nao_informado,,LHC,CERN,"['multiplicidade', 'geometria_colisao']",2018,
547,p,p,,,nao_informado,TOTEM,,CERN,['higgs'],1997,
553,p,p,,,nao_informado,,RHIC,BNL,['spin_e_polarizacao'],2003,
556,p,p,,,nao_informado,,LHC,CERN,"['espectro_de_particulas', 'correlacoes', 'multiplicidade']",2019,
562,p,p,,,nao_informado,,LHC,CERN,['choque_espalhamento'],2021,
577,Au,Au,,,nao_informado,,AGS,BNL,['producao_de_hadrons'],2002,
577,Au,Au,,,nao_informado,,SPS,CERN,['producao_de_hadrons'],2002,
577,Au,Au,,,nao_informado,,RHIC,BNL,['producao_de_hadrons'],2002,
577,Pb,Pb,,,nao_informado,,AGS,BNL,['producao_de_hadrons'],2002,
577,Pb,Pb,,,nao_informado,,SPS,CERN,['producao_de_hadrons'],2002,
577,Pb,Pb,,,nao_informado,,RHIC,BNL,['producao_de_hadrons'],2002,
579,p,p,,,nao_informado,E781,,Fermilab,"['choque_espalhamento', 'producao_de_hadrons']",2007,
586,Au,Au,,,nao_informado,,RHIC,BNL,['espectro_de_particulas'],2010,
586,Cu,Cu,,,nao_informado,,RHIC,BNL,['espectro_de_particulas'],2010,
586,Au,d,,,nao_informado,,RHIC,BNL,['espectro_de_particulas'],2010,
586,p,p,,,nao_informado,,RHIC,BNL,['espectro_de_particulas'],2010,
588,p,p,,,nao_informado,,LHC,CERN,['quarkonia'],2025,
590,p,p,,,nao_informado,,LHC,CERN,"['sondas_eletromagneticas', 'correlacoes']",2014,
590,A,p,,,nao_informado,,LHC,CERN,"['sondas_eletromagneticas', 'correlacoes']",2014,
592,p,p,,,nao_informado,,LHC,CERN,['correlacoes'],2012,
595,p,p,,,nao_informado,,LHC,CERN,['choque_espalhamento'],2006,
599,p,Pb,5.02,GeV,sqrt_s_NN,CMS,LHC,CERN,['quarkonia'],2024,True
602,p,p,,,nao_informado,,Tevatron,Fermilab,"['multiplicidade', 'choque_espalhamento']",1999,
604,p,p,0.9,TeV,sqrt_s_NN,LHCf,LHC,CERN,"['sondas_eletromagneticas', 'espectro_de_particulas']",2012,True
604,p,p,7,TeV,sqrt_s_NN,LHCf,LHC,CERN,"['sondas_eletromagneticas', 'espectro_de_particulas']",2012,True
607,p,p,,,nao_informado,"STAR, ALICE",,,"['antimateria_nucleos_leves', 'espectro_de_particulas']",2014,
611,p,p,,,nao_informado,,LHC,CERN,"['estranheza', 'fluxo', 'espectro_de_particulas']",2020,
612,Pb,Pb,2.76,TeV,sqrt_s_NN,ALICE,LHC,CERN,"['sondas_eletromagneticas', 'geometria_colisao']",2018,True
614,p,p,,,nao_informado,ALICE,LHC,CERN,['fluxo'],2023,
614,p,Pb,,,nao_informado,ALICE,LHC,CERN,['fluxo'],2023,
614,Pb,Pb,,,nao_informado,ALICE,LHC,CERN,['fluxo'],2023,
614,Xe,Xe,,,nao_informado,ALICE,LHC,CERN,['fluxo'],2023,
618,p,p,13,TeV,sqrt_s_NN,,LHC,CERN,['sondas_eletromagneticas'],2019,True
618,p,p,14,TeV,sqrt_s_NN,,LHC,CERN,['sondas_eletromagneticas'],2019,True
618,p,p,27,TeV,sqrt_s_NN,,LHC,CERN,['sondas_eletromagneticas'],2019,True
620,p,p,13,TeV,sqrt_s_NN,LHCb,,CERN,"['quarkonia', 'choque_espalhamento']",2024,True
623,Au,Au,,,nao_informado,,RHIC,BNL,['quarkonia'],2009,
626,p,p,0.9,TeV,sqrt_s_NN,LHCf,LHC,CERN,['espectro_de_particulas'],2012,True
626,p,p,7,TeV,sqrt_s_NN,LHCf,LHC,CERN,['espectro_de_particulas'],2012,True
628,p,p,13,TeV,sqrt_s_NN,ATLAS,LHC,CERN,"['higgs', 'quarkonia', 'choque_espalhamento']",2021,True
630,p,p,,,nao_informado,,LHC,CERN,"['choque_espalhamento', 'quarkonia']",2017,
630,p,p,100,TeV,sqrt_s_NN,,FCC,CERN,"['choque_espalhamento', 'quarkonia']",2017,True
633,p,p,,,nao_informado,,LHC,CERN,['multiplicidade'],2021,
638,p,p,,,nao_informado,ALICE,LHC,CERN,"['antimateria_nucleos_leves', 'producao_de_hadrons', 'multiplicidade']",2021,
641,Au,Au,,,nao_informado,PHOBOS,RHIC,BNL,"['correlacoes', 'fluxo']",2006,
653,Pb,Pb,,,nao_informado,ALICE,,CERN,['quarkonia'],2014,
653,Pb,p,,,nao_informado,ALICE,,CERN,['quarkonia'],2014,
656,p,p,,,nao_informado,,RHIC,BNL,['spin_e_polarizacao'],1998,
658,p,p,,,nao_informado,,RHIC,BNL,['quarkonia'],2025,
663,p,p,,,nao_informado,,LHC,CERN,['choque_espalhamento'],2011,
666,Au,Au,,,nao_informado,,RHIC,BNL,"['quarkonia', 'geometria_colisao', 'espectro_de_particulas']",2021,
666,Au,d,,,nao_informado,,RHIC,BNL,"['quarkonia', 'geometria_colisao', 'espectro_de_particulas']",2021,
666,Pb,Pb,13,TeV,sqrt_s_NN,,LHC,CERN,"['quarkonia', 'geometria_colisao', 'espectro_de_particulas']",2021,True
666,Pb,p,13,TeV,sqrt_s_NN,,LHC,CERN,"['quarkonia', 'geometria_colisao', 'espectro_de_particulas']",2021,True
666,p,p,13,TeV,sqrt_s_NN,,LHC,CERN,"['quarkonia', 'geometria_colisao', 'espectro_de_particulas']",2021,True
666,p,p,,,nao_informado,,RHIC,BNL,"['quarkonia', 'geometria_colisao', 'espectro_de_particulas']",2021,
666,p,p,,,nao_informado,,Tevatron,Fermilab,"['quarkonia', 'geometria_colisao', 'espectro_de_particulas']",2021,
673,Pb,Pb,,,nao_informado,,LHC,CERN,"['fluxo', 'geometria_colisao']",2015,
678,p,p,,,nao_informado,,RHIC,BNL,['spin_e_polarizacao'],2003,
683,p,p,,,nao_informado,,Tevatron,Fermilab,['choque_espalhamento'],2008,
693,p,p,,,nao_informado,,LHC,CERN,"['choque_espalhamento', 'producao_de_hadrons']",2005,
696,Au,Au,200,GeV,sqrt_s_NN,,RHIC,BNL,"['fluxo', 'estranheza', 'quarkonia']",2006,True
700,p,p,510,GeV,sqrt_s_NN,RHICf,RHIC,BNL,"['spin_e_polarizacao', 'neutrons_emissao_frontal', 'choque_espalhamento']",2019,True
701,p,p,,,nao_informado,TOTEM,LHC,CERN,['choque_espalhamento'],2012,
705,p,p,1.8,TeV,sqrt_s_NN,CDF,Tevatron,Fermilab,['choque_espalhamento'],1993,True
706,p,p,,,nao_informado,,RHIC,BNL,"['sondas_eletromagneticas', 'choque_espalhamento', 'correlacoes']",2020,
709,Ru,Ru,,,nao_informado,STAR,,BNL,"['fluxo', 'multiplicidade', 'geometria_colisao']",2023,
709,Zr,Zr,,,nao_informado,STAR,,BNL,"['fluxo', 'multiplicidade', 'geometria_colisao']",2023,
712,Au,Au,,,nao_informado,,RHIC,BNL,['correlacoes'],2010,
712,p,p,,,nao_informado,,RHIC,BNL,['correlacoes'],2010,
713,Au,Au,,,nao_informado,,RHIC,BNL,['producao_de_hadrons'],2009,
718,p,p,27,TeV,sqrt_s_NN,,LHC,CERN,"['tau', 'nova_fisica']",2020,True
719,p,p,13,TeV,sqrt_s_NN,"ATLAS, CMS",LHC,CERN,"['espectro_de_particulas', 'multiplicidade']",2018,True
724,Au,Au,,,nao_informado,,AGS,BNL,['correlacoes'],2009,
724,Au,Au,,,nao_informado,,RHIC,BNL,"['correlacoes', 'geometria_colisao']",2009,
725,Pb,Pb,,,nao_informado,,LHC,CERN,"['fluxo', 'geometria_colisao']",2021,
733,p,p,,,sqrt_s_NN,,LHC,CERN,"['quarkonia', 'choque_espalhamento']",2017,
735,p,p,200,GeV,sqrt_s_NN,,Tevatron,Fermilab,"['multiplicidade', 'choque_espalhamento']",1999,True
735,p,p,,,nao_informado,,Tevatron,Fermilab,"['multiplicidade', 'choque_espalhamento']",1999,
739,p,p,,,nao_informado,,ISR,CERN,"['choque_espalhamento', 'espectro_de_particulas']",2000,
742,Au,Au,,,nao_informado,,RHIC,BNL,['energia_transversa_densidade'],2000,
742,Au,Au,,,nao_informado,,LHC,CERN,['energia_transversa_densidade'],2000,
743,Au,Cu,200,GeV,sqrt_s_NN,,RHIC,BNL,"['supressao', 'espectro_de_particulas']",2022,True
745,Pb,Pb,,,nao_informado,ALICE,LHC,CERN,['flutuacoes'],2025,
749,p,p,200,GeV,sqrt_s_NN,STAR,,BNL,['spin_e_polarizacao'],2018,True
749,p,p,510,GeV,sqrt_s_NN,STAR,,BNL,['spin_e_polarizacao'],2018,True
749,Au,p,,,nao_informado,STAR,,BNL,['spin_e_polarizacao'],2018,
754,Ru,Ru,200,GeV,sqrt_s_NN,STAR,,BNL,['quarkonia'],2026,True
754,Zr,Zr,200,GeV,sqrt_s_NN,STAR,,BNL,['quarkonia'],2026,True
755,p,p,13,TeV,sqrt_s_NN,LHCf,LHC,CERN,['espectro_de_particulas'],2023,True
760,Pb,Pb,2.76,TeV,sqrt_s_NN,ALICE,,CERN,['supressao'],2017,True
760,Pb,Pb,2.76,TeV,sqrt_s_NN,ATLAS,,CERN,['supressao'],2017,True
760,Pb,Pb,5.02,TeV,sqrt_s_NN,,,CERN,['supressao'],2017,True
761,Pb,Pb,2.76,TeV,sqrt_s_NN,,LHC,CERN,"['supressao', 'sondas_eletromagneticas', 'geometria_colisao', 'propriedades_de_jatos']",2014,True
766,p,p,13,TeV,sqrt_s_NN,LHCf,LHC,CERN,"['producao_de_hadrons', 'espectro_de_particulas']",2023,True
768,p,p,14,TeV,sqrt_s_NN,ATLAS,LHC,CERN,"['spin_e_polarizacao', 'top_quark']",2014,True
768,p,p,100,TeV,sqrt_s_NN,,Future Circular Collider,,"['spin_e_polarizacao', 'top_quark']",2014,True
772,Au,Au,200,GeV,sqrt_s_NN,STAR,RHIC,BNL,['antimateria_nucleos_leves'],2011,True
772,Au,Au,62,GeV,sqrt_s_NN,STAR,RHIC,BNL,['antimateria_nucleos_leves'],2011,True
774,p,p,,,nao_informado,,LHC,CERN,['top_quark'],2020,
777,p,p,14,TeV,sqrt_s_NN,,LHC,CERN,"['quarkonia', 'producao_de_jatos']",2024,True
777,p,p,100,TeV,sqrt_s_NN,,FCC,CERN,"['quarkonia', 'producao_de_jatos']",2024,True
781,p,p,,,nao_informado,,LHC,CERN,"['spin_e_polarizacao', 'emaranhamento_quantico', 'quarkonia']",2022,
781,p,p,,,nao_informado,,Tevatron,Fermilab,"['spin_e_polarizacao', 'emaranhamento_quantico', 'quarkonia']",2022,
783,Au,Au,,,nao_informado,,RHIC,BNL,"['quarkonia', 'geometria_colisao']",2009,
789,Au,Au,,,nao_informado,STAR,RHIC,BNL,"['espectro_de_particulas', 'producao_de_hadrons']",2002,
793,p,p,7,TeV,sqrt_s_NN,CMS,LHC,CERN,['caracterizacao_de_detector'],2013,True
794,Au,Au,200,GeV,sqrt_s_NN,STAR,RHIC,BNL,['qgp'],2003,True
802,p,p,,,nao_informado,,RHIC,BNL,['choque_espalhamento'],1992,
803,p,p,,,nao_informado,,LHC,CERN,['correlacoes'],2011,
810,p,p,,,nao_informado,,LHC,CERN,['producao_de_jatos'],2017,
810,Pb,p,,,nao_informado,,LHC,CERN,['producao_de_jatos'],2017,
822,Pb,Pb,158,GeV,energia_de_feixe,NA50,,CERN,['quarkonia'],1997,True
826,p,p,0.9,TeV,sqrt_s_NN,LHCf,LHC,CERN,['sondas_eletromagneticas'],2012,True
826,p,p,7,TeV,sqrt_s_NN,LHCf,LHC,CERN,['producao_de_hadrons'],2012,True
828,p,p,8,TeV,sqrt_s_NN,ATLAS,LHC,CERN,['supersimetria'],2014,True
834,p,p,,,nao_informado,LHCb,LHC,CERN,['quarkonia'],2021,
835,p,p,,,nao_informado,,LHC,CERN,"['multiplicidade', 'quarkonia', 'correlacoes']",2018,
835,Pb,p,,,nao_informado,,LHC,CERN,"['multiplicidade', 'quarkonia', 'correlacoes']",2018,
836,Pb,Pb,5.02,TeV,sqrt_s_NN,,LHC,CERN,['supressao'],2019,True
836,Xe,Xe,5.44,TeV,sqrt_s_NN,,LHC,CERN,['supressao'],2019,True
837,Au,Au,200,GeV,sqrt_s_NN,,RHIC,BNL,['espectros_contendo_distribuicoes'],1997,True
850,p,p,13,TeV,sqrt_s_NN,,LHC,CERN,"['fluxo', 'multiplicidade', 'correlacoes', 'producao_de_hadrons']",2021,True
865,p,p,,,nao_informado,,RHIC,BNL,['correlacoes'],2011,
865,p,p,,,nao_informado,,LHC,CERN,['correlacoes'],2011,
869,p,p,,,nao_informado,LHCf,LHC,CERN,['neutrons_emissao_frontal'],2024,
874,p,p,5,TeV,energia_de_feixe,LHCf,LHC,CERN,['neutrons_emissao_frontal'],2010,True
874,p,p,7,TeV,energia_de_feixe,LHCf,LHC,CERN,['neutrons_emissao_frontal'],2010,True
877,Pb,Pb,5.02,TeV,sqrt_s_NN,,LHC,CERN,"['supressao', 'fluxo']",2026,True
881,p,p,13,TeV,sqrt_s_NN,CMS,LHC,CERN,['producao_de_jatos'],2025,True
882,p,p,,,nao_informado,,LHC,CERN,"['multiplicidade', 'espectro_de_particulas']",2011,
889,p,p,13,TeV,sqrt_s_NN,ATLAS,LHC,CERN,"['choque_espalhamento', 'quarkonia']",2022,True
893,Au,Au,12.2,GeV,sqrt_s_NN,BRAHMS,RHIC,BNL,['multiplicidade'],2022,True
893,Au,Au,17.3,GeV,sqrt_s_NN,BRAHMS,RHIC,BNL,['multiplicidade'],2022,True
894,Pb,Pb,,,nao_informado,,LHC,CERN,"['supressao', 'fluxo', 'espectro_de_particulas']",2023,
895,p,p,510,GeV,sqrt_s_NN,RHICf,RHIC,BNL,"['choque_espalhamento', 'sondas_eletromagneticas', 'espectro_de_particulas']",2021,True
896,p,p,7,TeV,sqrt_s_NN,ALICE,LHC,CERN,"['quarkonia', 'espectro_de_particulas']",2011,True
897,p,p,115,GeV,sqrt_s_NN,LHCb,LHC,CERN,"['quarkonia', 'spin_e_polarizacao']",2024,True
910,p,p,,,nao_informado,,LHC,CERN,"['antimateria_nucleos_leves', 'correlacoes']",2026,
911,S,A,,,nao_informado,,SPS,CERN,['fluxo'],1996,
912,In,In,,,nao_informado,NA60,SPS,CERN,"['sondas_eletromagneticas', 'quarkonia']",2005,
913,p,p,400,GeV/c,energia_de_feixe,NA27,,CERN,"['espectro_de_particulas', 'correlacoes', 'producao_de_hadrons']",1993,True
916,p,p,,,nao_informado,,RHIC,BNL,['spin_e_polarizacao'],2003,
922,p,p,,,nao_informado,,LHC,CERN,"['quarkonia', 'choque_espalhamento']",2008,
926,Au,Au,130,GeV,sqrt_s_NN,STAR,,BNL,['qgp'],2003,True
926,Au,Au,200,GeV,sqrt_s_NN,STAR,,BNL,['qgp'],2003,True
931,Au,Au,200,GeV,sqrt_s_NN,,RHIC,BNL,['fluxo'],2024,True
931,Au,Cu,200,GeV,sqrt_s_NN,,RHIC,BNL,['fluxo'],2024,True
933,p,p,7,TeV,sqrt_s_NN,CMS,,CERN,"['sondas_eletromagneticas', 'producao_de_hadrons']",2020,True
933,p,p,8,TeV,sqrt_s_NN,CMS,,CERN,"['sondas_eletromagneticas', 'producao_de_hadrons']",2020,True
936,p,p,,,nao_informado,,Tevatron,Fermilab,"['choque_espalhamento', 'difracao']",2005,
936,p,p,,,nao_informado,,LHC,CERN,"['producao_de_hadrons', 'choque_espalhamento', 'geometria_colisao']",2005,
942,p,p,,,nao_informado,LHCb,LHC,CERN,['quarkonia'],2024,
943,Au,Au,,,nao_informado,,RHIC,BNL,['espectro_de_particulas'],2012,
943,Au,Au,,,nao_informado,,LHC,CERN,['espectro_de_particulas'],2012,
943,Pb,Pb,,,nao_informado,,RHIC,BNL,['espectro_de_particulas'],2012,
943,Pb,Pb,,,nao_informado,,LHC,CERN,['espectro_de_particulas'],2012,
943,p,p,,,nao_informado,,RHIC,BNL,['espectro_de_particulas'],2012,
943,p,p,,,nao_informado,,LHC,CERN,['espectro_de_particulas'],2012,
944,Pb,Pb,158,GeV/c,energia_de_feixe,NA44,,CERN,['correlacoes'],1998,True
945,p,p,,,nao_informado,LHCb,Large Hadron Collider,CERN,['quarkonia'],2019,
950,Pb,Pb,,,nao_informado,,LHC,CERN,"['geometria_colisao', 'multiplicidade']",2013,
957,Pb,Pb,,,nao_informado,ALICE,LHC,CERN,"['fluxo', 'espectro_de_particulas', 'correlacoes', 'quarkonia']",2014,
957,Pb,p,,,nao_informado,ALICE,LHC,CERN,"['fluxo', 'espectro_de_particulas', 'correlacoes', 'quarkonia']",2014,
958,Pb,Pb,,,nao_informado,NA49,SPS,CERN,['producao_de_hadrons'],2001,
964,Au,Au,,,nao_informado,MPD,NICA,JINR,"['estranheza', 'geometria_colisao']",2015,
966,S,S,,,nao_informado,WA80,SPS,CERN,"['flutuacoes', 'geometria_colisao', 'multiplicidade']",1992,
966,Au,S,,,nao_informado,WA80,SPS,CERN,"['flutuacoes', 'geometria_colisao', 'multiplicidade']",1992,
972,p,p,,,nao_informado,,HERA,DESY,['spin_e_polarizacao'],1998,
976,Au,Au,100,GeV,energia_de_feixe,,RHIC,BNL,['espectro_de_particulas'],1999,True
985,Au,Au,200,GeV,sqrt_s_NN,STAR,,BNL,"['quarkonia', 'geometria_colisao']",2016,True
985,U,U,193,GeV,sqrt_s_NN,STAR,,BNL,"['quarkonia', 'geometria_colisao']",2016,True
988,p,p,,,nao_informado,,LHC,CERN,['choque_espalhamento'],2008,
992,Au,Au,130,GeV,sqrt_s_NN,,RHIC,BNL,"['multiplicidade', 'interferometria', 'energia_transversa_densidade', 'hidrodinamica_transporte']",2019,True
992,Au,Au,200,GeV,sqrt_s_NN,,RHIC,BNL,"['multiplicidade', 'interferometria', 'energia_transversa_densidade', 'hidrodinamica_transporte']",2019,True
995,p,p,13,TeV,sqrt_s_NN,LHCf,LHC,CERN,"['neutrons_emissao_frontal', 'choque_espalhamento']",2021,True
995,Pb,p,8.16,TeV,sqrt_s_NN,LHCf,LHC,CERN,"['neutrons_emissao_frontal', 'choque_espalhamento']",2021,True
995,p,p,14,TeV,sqrt_s_NN,LHCf,LHC,CERN,"['neutrons_emissao_frontal', 'choque_espalhamento']",2021,True
995,O,p,9.9,TeV,sqrt_s_NN,LHCf,LHC,CERN,"['neutrons_emissao_frontal', 'choque_espalhamento']",2021,True
997,Au,Au,,,nao_informado,,RHIC,BNL,"['sondas_eletromagneticas', 'choque_espalhamento']",2005,
997,Au,d,,,nao_informado,,RHIC,BNL,"['sondas_eletromagneticas', 'choque_espalhamento']",2005,
999,Au,d,,,nao_informado,,RHIC,BNL,"['fluxo', 'correlacoes']",2014,
999,Pb,p,,,nao_informado,,LHC,CERN,"['fluxo', 'correlacoes']",2014,
999,Pb,Pb,,,nao_informado,,LHC,CERN,"['fluxo', 'correlacoes']",2014,
1005,p,p,0.9,TeV,sqrt_s_NN,LHCf,LHC,CERN,['espectro_de_particulas'],2016,True
1005,p,p,7,TeV,sqrt_s_NN,LHCf,LHC,CERN,['espectro_de_particulas'],2016,True
1005,p,Pb,5.02,TeV,sqrt_s_NN,LHCf,LHC,CERN,['espectro_de_particulas'],2016,True
1005,p,p,2.76,TeV,sqrt_s_NN,LHCf,LHC,CERN,['espectro_de_particulas'],2016,True
1005,p,p,13,TeV,sqrt_s_NN,LHCf,LHC,CERN,['espectro_de_particulas'],2016,True
1009,p,p,14,TeV,sqrt_s_NN,,LHC,CERN,['producao_de_bosons'],2007,True
1011,Au,d,,,nao_informado,,RHIC,BNL,"['efeitos_nucleares', 'estrutura_nuclear']",2009,
1013,Au,d,,,nao_informado,,RHIC,BNL,"['correlacoes', 'sondas_eletromagneticas']",2012,
1019,p,p,200,GeV,sqrt_s_NN,,RHIC,BNL,"['espectro_de_particulas', 'formas_de_evento']",2011,True
1019,p,p,7,TeV,sqrt_s_NN,,LHC,CERN,"['espectro_de_particulas', 'formas_de_evento']",2011,True
1020,p,p,,,nao_informado,,RHIC,BNL,['espectro_de_particulas'],2013,
1020,Au,d,,,nao_informado,,RHIC,BNL,['espectro_de_particulas'],2013,
1022,p,p,,,nao_informado,,LHC,CERN,"['espectro_de_particulas', 'multiplicidade']",2022,
1025,Pb,Pb,5.02,TeV,sqrt_s_NN,CMS,LHC,CERN,"['fluxo', 'correlacoes', 'geometria_colisao', 'flutuacoes']",2024,True
1027,p,p,,,nao_informado,ALICE,LHC,CERN,"['sondas_eletromagneticas', 'multiplicidade']",2020,
1027,Pb,p,,,nao_informado,ALICE,LHC,CERN,"['sondas_eletromagneticas', 'multiplicidade']",2020,
1027,Pb,Pb,,,nao_informado,ALICE,LHC,CERN,"['sondas_eletromagneticas', 'multiplicidade']",2020,
1030,Pb,Pb,5.02,TeV,sqrt_s_NN,ALICE,,CERN,"['espectro_de_particulas', 'quarkonia', 'supressao', 'geometria_colisao']",2023,True
1030,Pb,Pb,2.76,TeV,sqrt_s_NN,CMS,,CERN,"['espectro_de_particulas', 'supressao', 'geometria_colisao']",2023,True
1040,p,p,200,GeV,sqrt_s_NN,STAR,,BNL,['spin_e_polarizacao'],2003,True
1040,p,p,20,GeV,sqrt_s_NN,STAR,,BNL,['spin_e_polarizacao'],2003,True
1042,p,p,14,TeV,sqrt_s_NN,,,CERN,['multiplicidade'],2011,True
1046,S,S,200,GeV,energia_de_feixe,NA35,,CERN,"['fluxo', 'hidrodinamica_transporte']",1994,True
1052,p,,800,GeV,energia_de_feixe,E866,,FNAL,['sondas_eletromagneticas'],2002,True
1055,p,p,,,nao_informado,,,JINR,"['estranheza', 'producao_de_hadrons']",2002,
1057,p,p,,,nao_informado,,LHC,CERN,"['fluxo', 'correlacoes']",2015,
1066,p,p,,,nao_informado,,RHIC,BNL,['spin_e_polarizacao'],1995,
1078,p,p,,,nao_informado,,RHIC,BNL,['flutuacoes'],2014,
1078,p,p,,,nao_informado,,LHC,CERN,['flutuacoes'],2014,
1083,p,p,,,nao_informado,,RHIC,BNL,['spin_e_polarizacao'],2002,
1084,p,p,0.546,TeV,sqrt_s_NN,,LHC,CERN,['choque_espalhamento'],2017,True
1087,p,p,,,nao_informado,,RHIC,BNL,['spin_e_polarizacao'],2002,
1094,Au,Pb,17.3,GeV,sqrt_s_NN,,SPS,CERN,['fluxo'],2014,True
1097,p,p,,,nao_informado,,RHIC,BNL,"['espectro_de_particulas', 'supressao']",2007,
1100,Au,d,,,nao_informado,,RHIC,BNL,"['supressao', 'neutrons_emissao_frontal']",2009,
1104,p,p,,,nao_informado,,ISR,CERN,['choque_espalhamento'],2009,
1104,p,p,,,nao_informado,,RHIC,BNL,['choque_espalhamento'],2009,
1104,p,p,,,nao_informado,,Tevatron,Fermilab,['choque_espalhamento'],2009,
1108,p,p,7,TeV,sqrt_s_NN,,LHC,CERN,"['quarkonia', 'spin_e_polarizacao']",2021,True
1110,Pb,Pb,,,nao_informado,ALICE,,CERN,['correlacoes'],2014,
1110,Pb,p,,,nao_informado,ALICE,,CERN,['correlacoes'],2014,
1110,p,p,,,nao_informado,ALICE,,CERN,['correlacoes'],2014,
1111,p,p,,,nao_informado,,RHIC,Fermilab,['spin_e_polarizacao'],2013,
1111,p,p,120,GeV,energia_de_feixe,,Main Injector,Fermilab,"['spin_e_polarizacao', 'sondas_eletromagneticas']",2013,True
1112,Au,Au,100,GeV,energia_de_feixe,,RHIC,BNL,['luminosidade'],2005,True
1112,Cu,Cu,100,GeV,energia_de_feixe,,RHIC,BNL,['luminosidade'],2005,True
1112,d,Au,,,nao_informado,,RHIC,BNL,['luminosidade'],2005,
1112,p,p,100,GeV,energia_de_feixe,,RHIC,BNL,['luminosidade'],2005,True
1113,p,p,,,nao_informado,,LHC,CERN,['sondas_eletromagneticas'],2009,
1114,Au,Si,14.6,GeV,energia_de_feixe,E858,Alternating Gradient Synchrotron,BNL,['antimateria_nucleos_leves'],1994,True
1116,Pb,Pb,2.76,TeV,sqrt_s_NN,ALICE,LHC,CERN,['quarkonia'],2014,True
1117,S,S,200A,GeV,energia_de_feixe,NA44,,CERN,"['espectro_de_particulas', 'fluxo']",1997,True
1117,Pb,Pb,158A,GeV,energia_de_feixe,NA44,,CERN,"['espectro_de_particulas', 'fluxo']",1997,True
1126,U,U,500,MeV,energia_de_feixe,CEE,HIRFL-CSR,,"['transicoes_diagrama_de_fase', 'termodinamica_equacao_de_estado']",2026,True
1126,p,p,2.8,GeV,sqrt_s_NN,CEE,HIRFL-CSR,,"['transicoes_diagrama_de_fase', 'termodinamica_equacao_de_estado']",2026,True
1129,p,p,,,nao_informado,,RHIC,BNL,['correlacoes'],2012,
1131,Au,D,200,GeV,sqrt_s_NN,,RHIC,BNL,"['espectro_de_particulas', 'supressao']",2005,True
1131,Au,Au,200,GeV,sqrt_s_NN,,RHIC,BNL,"['espectro_de_particulas', 'supressao']",2005,True
1134,p,p,900,GeV,sqrt_s_NN,LHCf,LHC,CERN,['sondas_eletromagneticas'],2012,True
1134,p,p,7,TeV,sqrt_s_NN,LHCf,LHC,CERN,['sondas_eletromagneticas'],2012,True
1136,Au,Au,100,GeV/nucleon,energia_de_feixe,,RHIC,BNL,['fluxo'],2001,True
1136,p,p,250,GeV/c,energia_de_feixe,,RHIC,BNL,['fluxo'],2001,True
1140,Au,Au,,,nao_informado,,RHIC,BNL,['quarkonia'],2025,
1141,Pb,Pb,,,nao_informado,,LHC,CERN,"['correlacoes', 'supressao']",2021,
1143,p,p,8,TeV,sqrt_s_NN,ATLAS,LHC,CERN,['choque_espalhamento'],2025,True
1143,p,p,13,TeV,sqrt_s_NN,ATLAS,LHC,CERN,['choque_espalhamento'],2025,True
1144,Au,d,,,nao_informado,,RHIC,BNL,"['gluons_saturacao', 'efeitos_nucleares']",2004,
1160,p,p,13,TeV,sqrt_s_NN,ALICE,,CERN,"['correlacoes', 'producao_de_hadrons']",2022,True
1161,Au,Au,,,nao_informado,,RHIC,BNL,"['espectro_de_particulas', 'geometria_colisao']",2019,
1161,Au,d,,,nao_informado,,RHIC,BNL,"['espectro_de_particulas', 'geometria_colisao']",2019,
1161,p,p,,,nao_informado,,RHIC,BNL,"['espectro_de_particulas', 'geometria_colisao']",2019,
1161,Pb,Pb,,,nao_informado,,LHC,CERN,"['espectro_de_particulas', 'geometria_colisao']",2019,
1161,Pb,p,,,nao_informado,,LHC,CERN,"['espectro_de_particulas', 'geometria_colisao']",2019,
1161,p,p,,,nao_informado,,LHC,CERN,"['espectro_de_particulas', 'geometria_colisao']",2019,
1162,p,p,,,nao_informado,,SppS,CERN,"['flutuacoes', 'formas_de_evento']",2001,
1164,Au,Au,,,sqrt_s_NN,,RHIC,BNL,"['espectro_de_particulas', 'fluxo', 'geometria_colisao']",2025,
1171,p,p,13,TeV,sqrt_s_NN,ATLAS,LHC,CERN,['higgs'],2026,True
1173,Au,d,,,nao_informado,,RHIC,BNL,['espectro_de_particulas'],2006,
1181,Pb,Pb,5.02,TeV,sqrt_s_NN,CMS,LHC,CERN,"['quarkonia', 'supressao']",2021,True
1181,p,p,5.02,TeV,sqrt_s_NN,CMS,LHC,CERN,"['quarkonia', 'supressao']",2021,True
1183,p,p,200,GeV,sqrt_s_NN,STAR,RHIC,BNL,"['spin_e_polarizacao', 'espectro_de_particulas']",2014,True
1183,p,p,500,GeV,sqrt_s_NN,STAR,RHIC,BNL,['spin_e_polarizacao'],2014,True
1183,p,p,510,GeV,sqrt_s_NN,STAR,RHIC,BNL,['spin_e_polarizacao'],2014,True
1185,p,p,13,TeV,sqrt_s_NN,LHCf,LHC,CERN,['espectro_de_particulas'],2022,True
1188,p,p,,,nao_informado,ALICE,,CERN,"['quarkonia', 'multiplicidade']",2021,
1196,S,S,200,GeV,energia_de_feixe,,SPS,CERN,['flutuacoes'],1992,True
1198,p,p,,,nao_informado,,LHC,CERN,"['quarkonia', 'choque_espalhamento']",2011,
1209,Be,U,750,MeV,energia_de_feixe,FRS,,GSI,['fragmentacao_hadronizacao'],1998,True
1209,Pb,U,750,MeV,energia_de_feixe,FRS,,GSI,['fragmentacao_hadronizacao'],1998,True
1216,Au,Au,100,GeV/u,energia_de_feixe,,RHIC,BNL,['geometria_colisao'],2003,True
1216,p,p,100,GeV,energia_de_feixe,,RHIC,BNL,['geometria_colisao'],2003,True
1216,Au,d,,,nao_informado,,RHIC,BNL,['geometria_colisao'],2003,
1217,Be,p,800,GeV,energia_de_feixe,E866,,Fermilab,"['sondas_eletromagneticas', 'choque_espalhamento']",2002,True
1217,Fe,p,800,GeV,energia_de_feixe,E866,,Fermilab,"['sondas_eletromagneticas', 'choque_espalhamento']",2002,True
1217,p,W,800,GeV,energia_de_feixe,E866,,Fermilab,"['sondas_eletromagneticas', 'choque_espalhamento']",2002,True
1218,Au,Au,600,MeV,energia_de_feixe,ALADIN,,,['flutuacoes'],1997,True
1218,Au,Au,800,MeV,energia_de_feixe,ALADIN,,,['flutuacoes'],1997,True
1218,Au,Au,1000,MeV,energia_de_feixe,ALADIN,,,['flutuacoes'],1997,True
1222,Au,Au,200,GeV,sqrt_s_NN,BRAHMS,RHIC,BNL,"['producao_de_hadrons', 'espectro_de_particulas']",2006,True
1222,Au,Au,62.4,GeV,sqrt_s_NN,BRAHMS,RHIC,BNL,"['producao_de_hadrons', 'espectro_de_particulas']",2006,True
1222,Cu,Cu,200,GeV,sqrt_s_NN,BRAHMS,RHIC,BNL,"['producao_de_hadrons', 'espectro_de_particulas']",2006,True
1222,Cu,Cu,62.4,GeV,sqrt_s_NN,BRAHMS,RHIC,BNL,"['producao_de_hadrons', 'espectro_de_particulas']",2006,True
1225,Pb,Pb,20,GeV,sqrt_s_NN,,,CERN,['estranheza'],2004,True
1231,p,p,,,nao_informado,ALICE,LHC,CERN,['partons_pdfs'],2011,
1231,p,Pb,,,nao_informado,ALICE,LHC,CERN,['partons_pdfs'],2011,
1231,Pb,Pb,,,nao_informado,ALICE,LHC,CERN,['partons_pdfs'],2011,
1234,Pb,p,,,nao_informado,CMS,LHC,CERN,"['quarkonia', 'choque_espalhamento']",2024,
1234,p,p,,,nao_informado,CMS,LHC,CERN,"['quarkonia', 'choque_espalhamento']",2024,
1235,p,p,,,nao_informado,ALICE,,CERN,"['multiplicidade', 'espectro_de_particulas']",2021,
1239,p,Pb,,,nao_informado,,LHC,CERN,['partons_pdfs'],2017,
1241,p,p,,,nao_informado,,RHIC,BNL,['spin_e_polarizacao'],2009,
1245,p,p,,,nao_informado,,LHC,CERN,"['buracos_negros', 'formas_de_evento']",2009,
1248,p,p,,,nao_informado,,LHC,CERN,['formas_de_evento'],2016,
1249,p,p,,,nao_informado,,LHC,CERN,['choque_espalhamento'],2014,
1250,p,,,,nao_informado,,RHIC,BNL,['quarkonia'],2007,
1250,p,,,,nao_informado,,LHC,CERN,['quarkonia'],2007,
1256,p,p,1.96,TeV,sqrt_s_NN,D0,Tevatron,Fermilab,['quarkonia'],2011,True
1259,p,p,,,nao_informado,ALICE,LHC,CERN,"['quarkonia', 'choque_espalhamento', 'espectro_de_particulas']",2023,
1261,Pb,p,,,nao_informado,,LHC,CERN,"['espectro_de_particulas', 'supressao']",2013,
1262,Au,Au,,,nao_informado,MPD,NICA,JINR,"['estranheza', 'geometria_colisao']",2021,
1263,p,p,,,nao_informado,,RHIC,BNL,['spin_e_polarizacao'],2001,
1270,p,p,,,nao_informado,,LHC,CERN,"['espectro_de_particulas', 'correlacoes']",2016,
1274,Pb,Pb,2.76,TeV,sqrt_s_NN,ALICE,LHC,CERN,"['multiplicidade', 'espectro_de_particulas']",2013,True
1274,p,p,2.76,TeV,sqrt_s_NN,ALICE,LHC,CERN,"['multiplicidade', 'espectro_de_particulas']",2013,True
1274,p,p,7,TeV,sqrt_s_NN,ALICE,LHC,CERN,"['multiplicidade', 'espectro_de_particulas']",2013,True
1275,p,p,7,TeV,sqrt_s_NN,LHCf,LHC,CERN,"['espectro_de_particulas', 'sondas_eletromagneticas']",2013,True
1277,p,p,,,nao_informado,,,Fermilab,"['quarkonia', 'espectro_de_particulas']",1994,
1280,p,p,,,nao_informado,ALICE,LHC,CERN,"['multiplicidade', 'espectro_de_particulas']",2015,
1280,p,Pb,,,nao_informado,ALICE,LHC,CERN,"['multiplicidade', 'espectro_de_particulas']",2015,
1280,Pb,Pb,,,nao_informado,ALICE,LHC,CERN,"['multiplicidade', 'espectro_de_particulas']",2015,
1285,p,p,,,nao_informado,,Tevatron,Fermilab,['quarkonia'],2007,
1285,p,p,,,nao_informado,,LHC,CERN,['quarkonia'],2007,
1305,p,p,7,TeV,sqrt_s_NN,LHCf,LHC,CERN,['sondas_eletromagneticas'],2011,True
1314,p,p,13,TeV,sqrt_s_NN,CMS,LHC,CERN,['sondas_eletromagneticas'],2016,True
1315,Au,Au,200 to 800,MeV,energia_de_feixe,Plastic Ball,,GSI,"['fluxo', 'espectro_de_particulas', 'geometria_colisao']",1993,True
1315,Nb,Nb,200 to 800,MeV,energia_de_feixe,Plastic Ball,,GSI,"['fluxo', 'espectro_de_particulas', 'geometria_colisao']",1993,True
1317,Be,C,300,MeV,energia_de_feixe,,,ITEP,"['choque_espalhamento', 'spin_e_polarizacao', 'fluxo']",2025,True
1318,Pb,Pb,,,nao_informado,,LHC,CERN,"['sondas_eletromagneticas', 'supressao', 'correlacoes']",2018,
1326,Pb,Pb,,,nao_informado,ALICE,,CERN,['reconstrucao_de_jatos'],2017,
1327,p,p,1160,GeV,sqrt_s_NN,,ISR,CERN,['choque_espalhamento'],2017,True
1327,p,p,7-13,TeV,sqrt_s_NN,,LHC,CERN,['choque_espalhamento'],2017,True
1328,p,p,,,nao_informado,,RHIC,BNL,"['supressao', 'espectro_de_particulas']",1997,
1328,p,p,,,nao_informado,,LHC,CERN,"['supressao', 'espectro_de_particulas']",1997,
1330,p,p,13,TeV,sqrt_s_NN,LHCf,LHC,CERN,['espectro_de_particulas'],2026,True
1330,p,p,13.6,TeV,sqrt_s_NN,LHCf,LHC,CERN,['espectro_de_particulas'],2026,True
1330,O,p,9.6,TeV,sqrt_s_NN,LHCf,LHC,CERN,['espectro_de_particulas'],2026,True
1330,Pb,p,,,nao_informado,LHCf,LHC,CERN,['espectro_de_particulas'],2026,
1333,Au,Au,3.0-30,GeV,sqrt_s_NN,STAR,,BNL,['fluxo'],2022,True
1334,p,p,,,nao_informado,CMS,LHC,CERN,['choque_espalhamento'],2019,
1336,C,Xe,1,GeV,energia_de_feixe,SPALADiN,GSI,GSI,['espectro_de_particulas'],2020,True
1336,p,Xe,1,GeV,energia_de_feixe,SPALADiN,GSI,GSI,['espectro_de_particulas'],2020,True
1337,p,Pb,,,nao_informado,,LHC,CERN,"['geometria_colisao', 'choque_espalhamento']",2019,
1344,p,p,,,nao_informado,PHENIX,RHIC,BNL,['sondas_eletromagneticas'],2007,
1344,Au,d,,,nao_informado,PHENIX,RHIC,BNL,['sondas_eletromagneticas'],2007,
1344,Au,Au,,,nao_informado,PHENIX,RHIC,BNL,['sondas_eletromagneticas'],2007,
1347,Au,Au,,,nao_informado,MPD,NICA,JINR,['geometria_colisao'],2016,
1348,p,p,2.76,TeV,sqrt_s_NN,,LHC,CERN,"['formas_de_evento', 'choque_espalhamento']",2015,True
1348,p,p,7,TeV,sqrt_s_NN,,LHC,CERN,"['formas_de_evento', 'choque_espalhamento']",2015,True
1348,p,p,8,TeV,sqrt_s_NN,,LHC,CERN,"['formas_de_evento', 'choque_espalhamento']",2015,True
1348,p,p,13,TeV,sqrt_s_NN,,LHC,CERN,"['formas_de_evento', 'choque_espalhamento']",2015,True
1348,p,p,14,TeV,sqrt_s_NN,,LHC,CERN,"['formas_de_evento', 'choque_espalhamento']",2015,True
1356,Au,Au,,,nao_informado,STAR,,BNL,"['espectro_de_particulas', 'geometria_colisao']",2024,
1356,Pb,Pb,,,nao_informado,STAR,,BNL,"['espectro_de_particulas', 'geometria_colisao']",2024,
1361,p,p,,,nao_informado,CDF,Tevatron,Fermilab,"['quarkonia', 'sondas_eletromagneticas', 'choque_espalhamento']",1997,
1363,Pb,Pb,,,nao_informado,,SPS,CERN,['sondas_eletromagneticas'],1995,
1365,p,p,,,nao_informado,,LHC,CERN,['choque_espalhamento'],2001,
1365,p,p,,,nao_informado,,Tevatron,Fermilab,['choque_espalhamento'],2001,
1368,p,p,,,nao_informado,,LHC,CERN,['quarkonia'],2011,
1372,p,p,,,nao_informado,,LHC,CERN,['qgp'],2016,
1372,p,Pb,,,nao_informado,,LHC,CERN,['qgp'],2016,
1372,Pb,Pb,,,nao_informado,,LHC,CERN,['qgp'],2016,
1375,p,p,,,nao_informado,,RHIC,BNL,"['espectro_de_particulas', 'sondas_eletromagneticas', 'producao_de_jatos']",2004,
1375,p,p,,,nao_informado,,RHIC,BNL,"['espectro_de_particulas', 'sondas_eletromagneticas', 'producao_de_jatos']",2004,
1376,p,p,7,TeV,sqrt_s_NN,"ATLAS, CMS",LHC,CERN,['higgs'],2015,True
1376,p,p,8,TeV,sqrt_s_NN,"ATLAS, CMS",LHC,CERN,['higgs'],2015,True
1381,p,p,7,TeV,sqrt_s_NN,ATLAS,LHC,CERN,"['choque_espalhamento', 'correlacoes']",2011,True
1382,Au,Au,200,GeV,sqrt_s_NN,STAR,,BNL,"['interferometria', 'espectro_de_particulas']",2009,True
1383,Pb,Pb,158,GeV,sqrt_s_NN,,SPS,CERN,['formas_de_evento'],2000,True
1386,Au,Au,56,GeV,sqrt_s_NN,,RHIC,BNL,"['multiplicidade', 'geometria_colisao']",2002,True
1386,Au,Au,130,GeV,sqrt_s_NN,,RHIC,BNL,"['multiplicidade', 'geometria_colisao']",2002,True
1387,Pb,Pb,158,GeV,energia_de_feixe,EMU-13,,CERN,"['multiplicidade', 'correlacoes', 'espectro_de_particulas']",1995,True
1391,p,p,,,nao_informado,,,Fermilab,['spin_e_polarizacao'],1999,
1392,Au,Au,200,GeV,sqrt_s_NN,,RHIC,BNL,"['fluxo', 'correlacoes']",2025,True
1392,U,U,193,GeV,sqrt_s_NN,,RHIC,BNL,"['fluxo', 'correlacoes']",2025,True
1393,Pb,p,,,nao_informado,ALICE,LHC,CERN,['espectro_de_particulas'],2021,
1393,Xe,Xe,,,nao_informado,ALICE,LHC,CERN,['espectro_de_particulas'],2021,
1394,Be,Be,150,GeV/c,energia_de_feixe,NA61/SHINE,,CERN,['interferometria'],2019,True
1400,Pb,Pb,17.3,GeV,sqrt_s_NN,,SPS,CERN,"['quarkonia', 'fluxo', 'termodinamica_equacao_de_estado']",2005,True
1400,Au,Au,200,GeV,sqrt_s_NN,,RHIC,BNL,"['quarkonia', 'fluxo', 'termodinamica_equacao_de_estado']",2005,True
1401,Au,Au,,,nao_informado,,RHIC,BNL,"['sondas_eletromagneticas', 'barions_stopping']",2001,
1402,Ca,Ca,7,TeV,sqrt_s_NN,CMS,LHC,CERN,['quarkonia'],1999,True
1402,Pb,Pb,5.5,TeV,sqrt_s_NN,CMS,LHC,CERN,['quarkonia'],1999,True
1406,p,p,7,TeV,sqrt_s_NN,LHCf,LHC,CERN,['espectro_de_particulas'],2013,True
1406,p,p,900,GeV,sqrt_s_NN,LHCf,LHC,CERN,['espectro_de_particulas'],2013,True
1410,Au,Au,,,nao_informado,PHENIX,RHIC,BNL,['quarkonia'],2011,
1410,Au,d,,,nao_informado,PHENIX,RHIC,BNL,['quarkonia'],2011,
1410,Cu,Cu,,,nao_informado,PHENIX,RHIC,BNL,['quarkonia'],2011,
1410,p,p,,,nao_informado,PHENIX,RHIC,BNL,['quarkonia'],2011,
1411,p,p,,,nao_informado,PHENIX,RHIC,BNL,['spin_e_polarizacao'],2005,
1413,Pb,Pb,2.76,TeV,sqrt_s_NN,ALICE,LHC,CERN,"['fluxo', 'espectro_de_particulas']",2013,True
1418,p,p,,,nao_informado,,LHC,CERN,"['producao_de_hadrons', 'multiplicidade']",2018,
1421,Au,Au,,,nao_informado,MPD,NICA,JINR,"['estranheza', 'geometria_colisao']",2020,
1422,p,p,,,nao_informado,,RHIC,BNL,"['choque_espalhamento', 'spin_e_polarizacao']",2002,
1428,Au,Au,,,nao_informado,,RHIC,BNL,"['espectro_de_particulas', 'geometria_colisao']",2004,
1428,Au,d,,,nao_informado,,RHIC,BNL,"['supressao', 'espectro_de_particulas', 'geometria_colisao']",2004,
1429,p,p,13,TeV,sqrt_s_NN,CMS,,CERN,['caracterizacao_de_detector'],2019,True
1430,p,p,,,nao_informado,,LHC,CERN,"['formas_de_evento', 'choque_espalhamento']",2017,
1435,p,p,14,TeV,sqrt_s_NN,,LHC,CERN,"['sondas_eletromagneticas', 'espectro_de_particulas']",2009,True
1436,Au,Au,62.4,GeV,sqrt_s_NN,STAR,RHIC,BNL,['estranheza'],2005,True
1437,p,p,,,nao_informado,CMS,,CERN,"['multiplicidade', 'espectro_de_particulas', 'correlacoes', 'supressao']",2025,
1438,p,p,,,nao_informado,ALICE,LHC,CERN,['antimateria_nucleos_leves'],2025,
1438,p,Pb,,,nao_informado,ALICE,LHC,CERN,['antimateria_nucleos_leves'],2025,
1438,Xe,Xe,,,nao_informado,ALICE,LHC,CERN,['antimateria_nucleos_leves'],2025,
1438,Pb,Pb,,,nao_informado,ALICE,LHC,CERN,['antimateria_nucleos_leves'],2025,
1445,p,p,,,nao_informado,,LHC,CERN,"['interferometria', 'multiplicidade']",2011,
1446,p,p,,,nao_informado,,ISR,,['producao_de_hadrons'],1994,
1451,Cu,Cu,,,nao_informado,,RHIC,BNL,"['multiplicidade', 'geometria_colisao']",2016,
1452,p,p,,,nao_informado,CMS,LHC,CERN,['background'],2015,
1472,Pb,Pb,160,GeV/n,nao_informado,,,CERN,['geometria_colisao'],1995,True
1481,Au,Au,200,GeV,sqrt_s_NN,,RHIC,BNL,"['supressao', 'correlacoes', 'espectro_de_particulas']",2006,True
1493,Au,Au,,,nao_informado,PHENIX,RHIC,BNL,"['supressao', 'quarkonia']",2017,
1502,p,p,,,nao_informado,LHCf,LHC,CERN,['espectro_de_particulas'],2016,
1502,Pb,p,,,nao_informado,LHCf,LHC,CERN,['espectro_de_particulas'],2016,
1504,p,p,,,nao_informado,,LHC,CERN,"['sondas_eletromagneticas', 'producao_de_jatos']",2015,
1505,p,p,,,nao_informado,ALICE,LHC,CERN,"['antimateria_nucleos_leves', 'producao_de_hadrons', 'multiplicidade']",2025,
1505,p,Pb,,,nao_informado,ALICE,LHC,CERN,"['antimateria_nucleos_leves', 'producao_de_hadrons', 'multiplicidade']",2025,
1505,Pb,Pb,,,nao_informado,ALICE,LHC,CERN,"['antimateria_nucleos_leves', 'producao_de_hadrons', 'multiplicidade']",2025,
1509,p,p,,,nao_informado,CMS,LHC,CERN,['caracterizacao_de_detector'],2015,
1510,Pb,p,5.02,TeV,sqrt_s_NN,,LHC,CERN,"['sondas_eletromagneticas', 'quarkonia', 'producao_de_jatos']",2022,True
1510,Pb,p,8.16,TeV,sqrt_s_NN,,LHC,CERN,"['sondas_eletromagneticas', 'quarkonia', 'producao_de_jatos']",2022,True
1513,p,p,0.9,TeV,sqrt_s_NN,CMS,LHC,CERN,['multiplicidade'],2019,True
1513,p,p,7,TeV,sqrt_s_NN,CMS,LHC,CERN,['multiplicidade'],2019,True
1513,p,p,14,TeV,sqrt_s_NN,CMS,LHC,CERN,['multiplicidade'],2019,True
1514,Pb,p,,,nao_informado,CMS,LHC,CERN,['choque_espalhamento'],2015,
1518,p,p,,,nao_informado,ALICE,LHC,CERN,['multiplicidade'],2007,
1518,Pb,Pb,5.5,TeV,sqrt_s_NN,ALICE,LHC,CERN,['multiplicidade'],2007,True
1522,Au,Au,,,nao_informado,,RHIC,BNL,"['fluxo', 'flutuacoes']",2016,
1522,Pb,Pb,,,nao_informado,CMS,LHC,CERN,"['fluxo', 'geometria_colisao']",2016,
1527,p,p,14,TeV,sqrt_s_NN,,LHC,CERN,['espectro_de_particulas'],2017,True
1531,p,p,,,sqrt_s_NN,,RHIC,BNL,"['multiplicidade', 'geometria_colisao', 'espectro_de_particulas']",2021,
1531,p,p,,,sqrt_s_NN,,LHC,CERN,"['multiplicidade', 'geometria_colisao', 'espectro_de_particulas']",2021,
1533,p,p,2.76,TeV,sqrt_s_NN,ALICE,LHC,CERN,['quarkonia'],2013,True
1533,p,p,7,TeV,sqrt_s_NN,ALICE,LHC,CERN,"['quarkonia', 'spin_e_polarizacao', 'geometria_colisao']",2013,True
1533,Pb,Pb,2.76,TeV,sqrt_s_NN,ALICE,LHC,CERN,"['quarkonia', 'geometria_colisao', 'fluxo']",2013,True
1535,Au,Au,,,nao_informado,STAR,,BNL,"['fluxo', 'espectro_de_particulas']",2025,
1535,Au,U,,,nao_informado,STAR,,BNL,"['fluxo', 'espectro_de_particulas']",2025,
1536,p,p,13,TeV,sqrt_s_NN,CMS,LHC,CERN,['choque_espalhamento'],2016,True
1538,p,p,23-62,GeV,sqrt_s_NN,,ISR,CERN,['choque_espalhamento'],2020,True
1539,Au,Au,,,nao_informado,PHOBOS,RHIC,BNL,"['multiplicidade', 'geometria_colisao']",2006,
1542,Au,Au,200,GeV,sqrt_s_NN,PHENIX,,BNL,"['espectro_de_particulas', 'freezeout_temperatura']",2013,True
1546,p,p,7,TeV,sqrt_s_NN,ALICE,LHC,CERN,['quarkonia'],2011,True
1550,Pb,S,200,GeV/amu,energia_de_feixe,EMU05,,CERN,['flutuacoes'],1991,True
1552,p,p,70,GeV,nao_informado,,U-70,IHEP-Protvino,['spin_e_polarizacao'],2007,True
1561,Pb,Pb,,,nao_informado,ALICE,,CERN,['quarkonia'],2014,
1561,p,p,,,nao_informado,ALICE,,CERN,['quarkonia'],2014,
1564,Au,Pb,160,AGeV,energia_de_feixe,,SPS,CERN,['sondas_eletromagneticas'],1998,True
1565,O,O,,,nao_informado,,RHIC,BNL,['fluxo'],2025,
1565,O,O,,,nao_informado,,LHC,CERN,['fluxo'],2025,
1566,p,p,7,TeV,sqrt_s_NN,CMS,LHC,CERN,['producao_de_jatos'],2017,True
1566,p,p,8,TeV,sqrt_s_NN,CMS,LHC,CERN,['producao_de_jatos'],2017,True
1566,p,p,13,TeV,sqrt_s_NN,CMS,LHC,CERN,['producao_de_jatos'],2017,True
1567,Pb,Pb,,,nao_informado,CMS,LHC,CERN,"['quarkonia', 'fluxo']",2015,
1568,Au,Au,200,GeV,sqrt_s_NN,,RHIC,BNL,['fluxo'],2011,True
1568,Cu,Cu,200,GeV,sqrt_s_NN,,RHIC,BNL,['fluxo'],2011,True
1570,p,p,,,nao_informado,,LHC,CERN,"['termodinamica_equacao_de_estado', 'espectro_de_particulas']",2022,
1578,Ar,Sc,150,GeV,energia_de_feixe,NA61/SHINE,,CERN,['interferometria'],2023,True
1580,p,p,,,nao_informado,ALICE,LHC,CERN,"['espectro_de_particulas', 'fluxo']",2013,
1580,Pb,p,,,nao_informado,ALICE,LHC,CERN,"['espectro_de_particulas', 'fluxo']",2013,
1580,Pb,Pb,,,nao_informado,ALICE,LHC,CERN,"['espectro_de_particulas', 'fluxo']",2013,
1581,p,p,0.9,TeV,sqrt_s_NN,LHCf,LHC,CERN,"['sondas_eletromagneticas', 'espectro_de_particulas']",2013,True
1581,p,p,7,TeV,sqrt_s_NN,LHCf,LHC,CERN,"['sondas_eletromagneticas', 'espectro_de_particulas']",2013,True
1582,Pb,Pb,,,nao_informado,ALICE,LHC,CERN,"['multiplicidade', 'geometria_colisao']",2010,
1583,Au,Au,150-800,AMeV,energia_de_feixe,FOPI,,GSI,"['flutuacoes', 'espectro_de_particulas']",2002,True
1587,Pb,Pb,2.76,TeV,sqrt_s_NN,ALICE,,CERN,"['quarkonia', 'fluxo']",2014,True
1587,Pb,p,5.02,TeV,sqrt_s_NN,ALICE,,CERN,['quarkonia'],2014,True
1588,p,p,,,nao_informado,,LHC,CERN,"['choque_espalhamento', 'quarkonia', 'producao_de_hadrons']",2011,
1588,Pb,Pb,,,nao_informado,,LHC,CERN,"['choque_espalhamento', 'quarkonia', 'producao_de_hadrons']",2011,
1590,p,p,,,nao_informado,,RHIC,BNL,['spin_e_polarizacao'],2011,
1593,Au,Au,,,nao_informado,STAR,,BNL,"['correlacoes', 'geometria_colisao', 'flutuacoes']",2012,
1596,p,p,5.02,TeV,sqrt_s_NN,ALICE,,CERN,"['correlacoes', 'quarkonia']",2021,True
1596,p,Pb,5.02,TeV,sqrt_s_NN,ALICE,,CERN,"['correlacoes', 'quarkonia']",2021,True
1597,Cu,p,3,GeV,energia_de_feixe,HARP-CDP,,CERN,['producao_de_hadrons'],2015,True
1597,Cu,p,8,GeV,energia_de_feixe,HARP-CDP,,CERN,['producao_de_hadrons'],2015,True
1597,Cu,p,15,GeV,energia_de_feixe,HARP-CDP,,CERN,['producao_de_hadrons'],2015,True
1597,Pb,p,3,GeV,energia_de_feixe,HARP-CDP,,CERN,['producao_de_hadrons'],2015,True
1597,Pb,p,8,GeV,energia_de_feixe,HARP-CDP,,CERN,['producao_de_hadrons'],2015,True
1597,Pb,p,15,GeV,energia_de_feixe,HARP-CDP,,CERN,['producao_de_hadrons'],2015,True
1598,Au,d,,,nao_informado,,RHIC,BNL,['gluons_saturacao'],2011,
1599,p,p,,,nao_informado,ATLAS,LHC,CERN,['espectro_de_particulas'],2007,
1600,p,p,,,nao_informado,,RHIC,BNL,"['espectro_de_particulas', 'multiplicidade']",2006,
1601,p,p,200,GeV,sqrt_s_NN,STAR,RHIC,BNL,"['choque_espalhamento', 'spin_e_polarizacao']",2005,True
1602,Au,Au,,,nao_informado,,RHIC,BNL,"['sondas_eletromagneticas', 'correlacoes', 'geometria_colisao']",2004,
1605,Au,d,,,nao_informado,PHENIX,RHIC,BNL,"['correlacoes', 'choque_espalhamento']",2012,
1606,p,p,900,GeV,sqrt_s_NN,ALICE,LHC,CERN,['producao_de_hadrons'],2011,True
1606,p,p,7,TeV,sqrt_s_NN,ALICE,LHC,CERN,['producao_de_hadrons'],2011,True
1607,Pb,Pb,,,nao_informado,ALICE,LHC,CERN,['quarkonia'],2011,
1607,p,p,7,TeV,sqrt_s_NN,ALICE,LHC,CERN,['quarkonia'],2011,True
1611,Au,Au,200,GeV,sqrt_s_NN,PHOBOS,RHIC,BNL,"['espectro_de_particulas', 'geometria_colisao']",2013,True
1611,Cu,Cu,200,GeV,sqrt_s_NN,PHOBOS,RHIC,BNL,"['espectro_de_particulas', 'geometria_colisao']",2013,True
1613,Pb,Pb,158,GeV,energia_de_feixe,,SPS,CERN,"['transicoes_diagrama_de_fase', 'geometria_colisao']",1998,True
1623,p,p,,,nao_informado,,LHC,CERN,['higgs'],1991,
1624,Pb,Pb,2.76,TeV,energia_de_feixe,,LHC,CERN,"['fluxo', 'flutuacoes', 'correlacoes']",2017,True
1624,Pb,p,,,nao_informado,,LHC,CERN,"['fluxo', 'correlacoes']",2017,
1624,p,p,,,nao_informado,,LHC,CERN,"['fluxo', 'correlacoes']",2017,
1625,Pb,Pb,2.76,TeV,sqrt_s_NN,CMS,,CERN,"['supressao', 'propriedades_de_jatos']",2011,True
1626,p,p,14,TeV,sqrt_s_NN,CASTOR,LHC,CERN,"['energia_transversa_densidade', 'multiplicidade']",2010,True
1626,p,Pb,8.8,TeV,sqrt_s_NN,CASTOR,LHC,CERN,"['energia_transversa_densidade', 'multiplicidade']",2010,True
1626,Pb,Pb,5.5,TeV,sqrt_s_NN,CASTOR,LHC,CERN,"['energia_transversa_densidade', 'multiplicidade']",2010,True
1632,Au,Au,,,nao_informado,PHENIX,,BNL,['quarkonia'],2017,
1632,Au,Cu,,,nao_informado,PHENIX,,BNL,['quarkonia'],2017,
1632,Al,p,,,nao_informado,PHENIX,,BNL,['quarkonia'],2017,
1632,Au,p,,,nao_informado,PHENIX,,BNL,['quarkonia'],2017,
1633,p,p,,,nao_informado,PHENIX,RHIC,BNL,"['espectro_de_particulas', 'producao_de_hadrons']",2013,
1634,p,p,,,nao_informado,,LHC,CERN,['producao_de_hadrons'],2012,
1635,p,p,,,nao_informado,,LHC,CERN,"['choque_espalhamento', 'particulas_novas']",2007,
1639,Au,Au,6,AGeV,nao_informado,,AGS,BNL,"['espectro_de_particulas', 'geometria_colisao']",2006,True
1639,Au,Au,8,AGeV,nao_informado,,AGS,BNL,"['espectro_de_particulas', 'geometria_colisao']",2006,True
1639,Au,Au,10.8,AGeV,nao_informado,,AGS,BNL,"['espectro_de_particulas', 'geometria_colisao']",2006,True
1639,Pb,Pb,158,AGeV/c,nao_informado,,SPS,CERN,"['espectro_de_particulas', 'geometria_colisao']",2006,True
1639,S,S,200,AGeV/c,nao_informado,,SPS,CERN,"['espectro_de_particulas', 'geometria_colisao']",2006,True
1640,Al,Si,14.5A,GeV,energia_de_feixe,E802,,BNL,['antimateria_nucleos_leves'],1992,True
1640,Au,Si,14.5A,GeV,energia_de_feixe,E802,,BNL,['antimateria_nucleos_leves'],1992,True
1644,p,p,,,nao_informado,PHENIX,RHIC,BNL,"['quarkonia', 'spin_e_polarizacao']",2003,
1645,p,p,8,TeV,sqrt_s_NN,ATLAS,Large Hadron Collider,CERN,"['quarkonia', 'sondas_eletromagneticas', 'choque_espalhamento']",2015,True
1651,p,p,13,TeV,sqrt_s_NN,ALICE,,CERN,"['multiplicidade', 'supressao', 'estranheza', 'choque_espalhamento']",2021,True
1652,p,p,,,nao_informado,,LHC,CERN,"['multiplicidade', 'espectro_de_particulas']",2017,
1653,p,p,7,TeV,sqrt_s_NN,ALICE,LHC,CERN,"['estranheza', 'producao_de_hadrons']",2012,True
1654,p,p,7,TeV,sqrt_s_NN,ATLAS,LHC,CERN,['caracterizacao_de_detector'],2010,True
1657,p,p,,,nao_informado,,RHIC,BNL,"['supressao', 'correlacoes']",2004,
1657,Au,d,,,nao_informado,,RHIC,BNL,"['supressao', 'correlacoes']",2004,
1657,Au,Au,,,nao_informado,,RHIC,BNL,"['supressao', 'correlacoes']",2004,
1678,Pb,Pb,2.76,TeV,sqrt_s_NN,"CMS, ALICE",LHC,CERN,"['fluxo', 'geometria_colisao']",2021,True
1680,Au,d,200,GeV,sqrt_s_NN,STAR,,BNL,['quarkonia'],2022,True
1685,p,p,,,nao_informado,,LHC,CERN,['pid'],2024,
1686,p,p,200,GeV,sqrt_s_NN,BRAHMS,RHIC,BNL,"['espectro_de_particulas', 'supressao', 'multiplicidade']",2005,True
1687,p,p,13,TeV,sqrt_s_NN,CMS,LHC,CERN,['supressao'],2025,True
1690,Pb,Pb,2.76,TeV,sqrt_s_NN,ALICE,,CERN,"['supressao', 'flutuacoes']",2022,True
1691,p,p,14,TeV,sqrt_s_NN,LHCf,LHC,CERN,"['neutrons_emissao_frontal', 'producao_de_hadrons']",2021,True
1691,O,p,,,nao_informado,LHCf,LHC,CERN,['neutrons_emissao_frontal'],2021,
1691,O,O,,,nao_informado,LHCf,LHC,CERN,['neutrons_emissao_frontal'],2021,
1694,Pb,Pb,,,nao_informado,,SPS,CERN,['quarkonia'],1999,
1694,S,U,,,nao_informado,,SPS,CERN,['quarkonia'],1999,
1695,p,p,14,TeV,sqrt_s_NN,FASER,LHC,CERN,"['neutrinos', 'producao_de_hadrons']",2022,True
1704,Au,Au,,,nao_informado,,RHIC,BNL,"['multiplicidade', 'fluxo', 'geometria_colisao', 'flutuacoes']",2025,
1704,Pb,Pb,,,nao_informado,,LHC,CERN,"['multiplicidade', 'fluxo', 'geometria_colisao', 'flutuacoes']",2025,
1713,Pb,Pb,158,AGeV,energia_de_feixe,WA98,,CERN,"['sondas_eletromagneticas', 'choque_espalhamento', 'geometria_colisao']",1999,True
1716,He,p,,,nao_informado,AMBER,,CERN,['antimateria_nucleos_leves'],2024,
1722,Au,d,,,nao_informado,,RHIC,BNL,"['correlacoes', 'geometria_colisao']",2011,
1724,p,p,,,nao_informado,ATLAS,LHC,CERN,['producao_de_hadrons'],2008,
1724,p,p,,,nao_informado,CMS,LHC,CERN,['producao_de_hadrons'],2008,
1727,p,p,,,nao_informado,,LHC,CERN,"['fluxo', 'espectro_de_particulas', 'flutuacoes']",2012,
1734,Au,Au,,,nao_informado,,RHIC,BNL,"['fluxo', 'supressao']",2009,
1735,p,p,,,nao_informado,CDF,Tevatron,Fermilab,"['flutuacoes', 'choque_espalhamento']",2008,
1736,Pb,Pb,,,nao_informado,,LHC,CERN,"['multiplicidade', 'fluxo']",2008,
1736,p,p,,,nao_informado,,LHC,CERN,"['multiplicidade', 'fluxo']",2008,
1739,p,p,13,TeV,sqrt_s_NN,LHCb,LHC,CERN,"['quarkonia', 'choque_espalhamento']",2024,True
1740,p,p,7,TeV,sqrt_s_NN,ATLAS,LHC,CERN,"['tracking', 'formas_de_evento']",2014,True
1743,p,p,13,TeV,sqrt_s_NN,LHCf,LHC,CERN,['espectro_de_particulas'],2016,True
1744,Au,Au,54.4,GeV,sqrt_s_NN,STAR,RHIC,BNL,"['flutuacoes', 'geometria_colisao']",2021,True
1744,Au,Au,200,GeV,sqrt_s_NN,STAR,RHIC,BNL,"['flutuacoes', 'geometria_colisao']",2021,True
1745,Xe,Xe,5.44,TeV,sqrt_s_NN,ALICE,,CERN,"['espectro_de_particulas', 'supressao']",2020,True
1748,Au,S,200A,GeV,energia_de_feixe,CERES,Super Proton Synchrotron,CERN,['sondas_eletromagneticas'],1996,True
1748,S,W,,,nao_informado,HELIOS/3,,CERN,['sondas_eletromagneticas'],1996,
1750,p,p,,,nao_informado,,LHC,CERN,['producao_de_hadrons'],2021,
1750,Au,d,,,nao_informado,,RHIC,BNL,['espectro_de_particulas'],2021,
1751,Au,Au,62.4,GeV,sqrt_s_NN,PHENIX,RHIC,BNL,"['multiplicidade', 'geometria_colisao']",2013,True
1751,Au,Au,200,GeV,sqrt_s_NN,PHENIX,RHIC,BNL,"['multiplicidade', 'geometria_colisao']",2013,True
1751,Cu,Cu,62.4,GeV,sqrt_s_NN,PHENIX,RHIC,BNL,"['multiplicidade', 'geometria_colisao']",2013,True
1751,Cu,Cu,200,GeV,sqrt_s_NN,PHENIX,RHIC,BNL,"['multiplicidade', 'geometria_colisao']",2013,True
1758,Au,Au,200,GeV,sqrt_s_NN,PHENIX,RHIC,BNL,['quarkonia'],2004,True
1758,p,p,200,GeV,sqrt_s_NN,PHENIX,RHIC,BNL,['quarkonia'],2004,True
1761,Au,Au,7.7-200,GeV,sqrt_s_NN,STAR,,BNL,['energia_transversa_densidade'],2020,True
1764,p,,,,nao_informado,E609,,Fermilab,"['choque_espalhamento', 'correlacoes']",1992,
1766,Pb,p,,,nao_informado,LHCf,LHC,CERN,['espectro_de_particulas'],2017,
1766,p,p,,,nao_informado,LHCf,LHC,CERN,['espectro_de_particulas'],2017,
1769,Pb,S,200,GeV,sqrt_s_NN,NA44,,CERN,['correlacoes'],1995,True
1769,Pb,p,450,GeV,sqrt_s_NN,NA44,,CERN,['correlacoes'],1995,True
1772,p,p,,,nao_informado,LHCb,,CERN,['quarkonia'],2013,
1776,p,p,,,nao_informado,,SPS,CERN,"['multiplicidade', 'flutuacoes']",2017,
1776,p,p,13,TeV,sqrt_s_NN,,LHC,CERN,"['multiplicidade', 'flutuacoes']",2017,True
1783,p,p,,,nao_informado,PHENIX,RHIC,BNL,['sondas_eletromagneticas'],2020,
1783,p,p,,,nao_informado,ATLAS,LHC,CERN,['sondas_eletromagneticas'],2020,
1783,p,p,,,nao_informado,ALICE,LHC,CERN,['sondas_eletromagneticas'],2020,
1785,p,p,,,nao_informado,,LHC,CERN,"['sondas_eletromagneticas', 'choque_espalhamento', 'quarkonia']",2010,
1785,p,Pb,,,nao_informado,,LHC,CERN,"['sondas_eletromagneticas', 'choque_espalhamento', 'quarkonia']",2010,
1792,Au,d,,,nao_informado,PHOBOS,,BNL,"['multiplicidade', 'flutuacoes', 'geometria_colisao']",2019,
1793,Pb,Pb,,,nao_informado,,LHC,CERN,"['fluxo', 'flutuacoes']",2016,
1793,Pb,p,,,nao_informado,,LHC,CERN,"['fluxo', 'flutuacoes']",2016,
1794,p,Pb,,,nao_informado,,LHC,CERN,"['flutuacoes', 'correlacoes', 'choque_espalhamento']",2013,
1799,Pb,p,5.02,TeV,sqrt_s_NN,CMS,,CERN,['espectro_de_particulas'],2014,True
1799,Pb,Pb,2.76,TeV,sqrt_s_NN,ALICE,,CERN,['espectro_de_particulas'],2014,True
1800,p,p,7,TeV,sqrt_s_NN,ATLAS,LHC,CERN,['formas_de_evento'],2011,True
1801,Pb,Pb,,,nao_informado,NA49,,CERN,"['producao_de_hadrons', 'geometria_colisao']",1999,
1801,p,p,,,nao_informado,NA49,,CERN,"['producao_de_hadrons', 'geometria_colisao']",1999,
1801,p,A,,,nao_informado,NA49,,CERN,"['producao_de_hadrons', 'geometria_colisao']",1999,
1803,p,p,,,nao_informado,ALICE,,CERN,"['estranheza', 'multiplicidade']",2020,
1827,p,p,13,TeV,sqrt_s_NN,CMS,,CERN,['calibracao'],2019,True
1830,p,p,,,nao_informado,CMS,LHC,CERN,['higgs'],2014,
1831,p,p,,,nao_informado,,RHIC,BNL,"['fluxo', 'producao_de_jatos', 'spin_e_polarizacao']",2013,
1835,Au,Au,,,nao_informado,MPD,,JINR,['caracterizacao_de_detector'],2015,
1838,p,p,,,nao_informado,,LHC,CERN,"['fluxo', 'supressao', 'efeitos_nucleares']",2010,
1841,Au,Au,130,GeV,sqrt_s_NN,,RHIC,BNL,"['fluxo', 'multiplicidade', 'espectro_de_particulas']",2002,True
1843,p,p,200,GeV,sqrt_s_NN,,RHIC,BNL,"['supressao', 'correlacoes', 'espectro_de_particulas']",2011,True
1843,Au,d,200,GeV,sqrt_s_NN,,RHIC,BNL,"['supressao', 'correlacoes', 'espectro_de_particulas']",2011,True
1845,Au,d,200,GeV,sqrt_s_NN,,RHIC,BNL,['producao_de_hadrons'],2004,True
1847,Au,Au,,,nao_informado,,RHIC,BNL,"['supressao', 'sondas_eletromagneticas']",2010,
1854,p,p,7,TeV,sqrt_s_NN,ATLAS,LHC,CERN,"['choque_espalhamento', 'producao_de_jatos']",2013,True
1856,p,p,14,TeV,sqrt_s_NN,LHCf,LHC,CERN,['espectro_de_particulas'],2009,True
1861,p,p,,,nao_informado,"PHENIX, STAR",RHIC,BNL,['quarkonia'],2016,
1861,Au,d,,,nao_informado,"PHENIX, STAR",RHIC,BNL,['quarkonia'],2016,
1866,Pb,Pb,2.76,TeV,sqrt_s_NN,ALICE,Large Hadron Collider,CERN,"['espectro_de_particulas', 'fluxo', 'geometria_colisao']",2018,True
1869,p,p,14,TeV,sqrt_s_NN,LHCf,LHC,CERN,['espectro_de_particulas'],2011,True
1869,p,p,900,GeV,sqrt_s_NN,LHCf,LHC,CERN,['espectro_de_particulas'],2011,True
1869,p,p,7,TeV,sqrt_s_NN,LHCf,LHC,CERN,['espectro_de_particulas'],2011,True
1879,Au,Au,130-200,GeV,sqrt_s_NN,,RHIC,BNL,"['fluxo', 'supressao', 'geometria_colisao']",2001,True
1879,Pb,Pb,,,nao_informado,WA98,SPS,CERN,"['fluxo', 'supressao']",2001,
1880,p,p,14,TeV,sqrt_s_NN,,LHC,CERN,['top_quark'],2021,True
1880,p,p,27,TeV,sqrt_s_NN,,HE-LHC,CERN,['top_quark'],2021,True
1880,p,p,100,TeV,sqrt_s_NN,,FCC-hh,CERN,['top_quark'],2021,True
1881,p,p,13,TeV,sqrt_s_NN,ATLAS,LHC,CERN,['higgs'],2026,True
1881,p,p,13,TeV,sqrt_s_NN,CMS,LHC,CERN,['higgs'],2026,True
1882,Au,Au,1.9,GeV,sqrt_s_NN,,"AGS, RHIC",BNL,"['espectro_de_particulas', 'geometria_colisao', 'estranheza']",2024,True
1882,Au,Au,19.6,GeV,sqrt_s_NN,,"AGS, RHIC",BNL,"['espectro_de_particulas', 'geometria_colisao', 'estranheza']",2024,True
1882,Au,Au,200,GeV,sqrt_s_NN,,"AGS, RHIC",BNL,"['espectro_de_particulas', 'geometria_colisao', 'estranheza']",2024,True
1883,p,p,13,TeV,sqrt_s_NN,LHCf,LHC,CERN,"['sondas_eletromagneticas', 'espectro_de_particulas', 'producao_de_hadrons']",2022,True
1883,O,p,,,nao_informado,LHCf,LHC,CERN,['producao_de_hadrons'],2022,
1884,Au,Au,,,energia_de_feixe,PHOBOS,RHIC,BNL,"['geometria_colisao', 'fluxo', 'multiplicidade']",2005,
1887,Pb,Pb,2.76,TeV,sqrt_s_NN,ALICE,,CERN,"['producao_de_hadrons', 'correlacoes']",2019,True
1887,p,p,8,TeV,sqrt_s_NN,CMS,,CERN,['sondas_eletromagneticas'],2019,True
1895,p,p,,,nao_informado,ALICE,LHC,CERN,['quarkonia'],2025,
1895,Pb,Pb,,,nao_informado,ALICE,LHC,CERN,['quarkonia'],2025,
1896,p,p,13,TeV,sqrt_s_NN,,LHC,CERN,['acelerador_e_feixe'],2016,True
1896,p,p,100,TeV,sqrt_s_NN,,FCC-hh,,['acelerador_e_feixe'],2016,True
1896,p,p,70,TeV,sqrt_s_NN,,SPPC,IHEP,['acelerador_e_feixe'],2016,True
1904,Pb,Pb,,,nao_informado,,LHC,CERN,"['supressao', 'correlacoes']",2025,
1910,p,p,,,nao_informado,CMS,LHC,CERN,"['quarkonia', 'espectro_de_particulas']",2023,
1911,p,p,7,TeV,sqrt_s_NN,ALICE,LHC,CERN,"['quarkonia', 'choque_espalhamento']",2021,True
1911,p,p,8,TeV,sqrt_s_NN,ALICE,LHC,CERN,"['quarkonia', 'choque_espalhamento']",2021,True
1911,p,p,13,TeV,sqrt_s_NN,ALICE,LHC,CERN,"['quarkonia', 'choque_espalhamento']",2021,True
1913,p,p,,,nao_informado,CDF,Tevatron,Fermilab,['quarkonia'],2015,
1913,p,p,,,nao_informado,ALICE,LHC,CERN,['quarkonia'],2015,
1914,p,p,,,nao_informado,ALICE,LHC,CERN,['quarkonia'],2025,
1914,Pb,Pb,,,nao_informado,ALICE,LHC,CERN,['quarkonia'],2025,
1916,p,p,,,nao_informado,,LHC,CERN,"['multiplicidade', 'fluxo']",2018,
1918,p,p,14,TeV,sqrt_s_NN,,LHC,CERN,"['producao_de_bosons', 'espectros_contendo_distribuicoes']",2008,True
1918,p,p,2,TeV,sqrt_s_NN,,Tevatron,Fermilab,"['producao_de_bosons', 'espectros_contendo_distribuicoes']",2008,True
1920,p,p,,,nao_informado,ALICE,,CERN,['quarkonia'],2013,
1924,p,p,,,nao_informado,,RHIC,BNL,['spin_e_polarizacao'],2010,
1928,Au,Au,,,nao_informado,,RHIC,BNL,"['energia_transversa_densidade', 'qgp', 'hidrodinamica_transporte']",1991,
1931,Au,Au,200,GeV,sqrt_s_NN,,RHIC,BNL,"['quarkonia', 'geometria_colisao']",2009,True
1931,Cu,Cu,200,GeV,sqrt_s_NN,,RHIC,BNL,"['quarkonia', 'geometria_colisao']",2009,True
1934,p,p,13,TeV,sqrt_s_NN,ATLAS,LHC,CERN,['calibracao'],2019,True
1935,p,p,,,nao_informado,,LHC,CERN,"['producao_de_hadrons', 'choque_espalhamento']",2017,
1936,p,p,,,nao_informado,ATLAS,LHC,CERN,"['estranheza', 'correlacoes', 'producao_de_hadrons']",2026,
1941,p,p,,,nao_informado,ATLAS,LHC,CERN,['espectro_de_particulas'],2011,
1943,p,p,,,nao_informado,,RHIC,BNL,"['spin_e_polarizacao', 'sondas_eletromagneticas']",2001,
1945,p,p,,,nao_informado,,RHIC,BNL,"['correlacoes', 'fluxo']",2016,
1945,p,p,,,nao_informado,,LHC,CERN,"['correlacoes', 'fluxo']",2016,
1945,Pb,p,,,nao_informado,,LHC,CERN,"['correlacoes', 'fluxo']",2016,
1951,d,p,3.5,GeV,energia_de_feixe,STRELA,Nuclotron,JINR,['choque_espalhamento'],2013,True
1956,Au,Au,,,nao_informado,,RHIC,BNL,"['quarkonia', 'geometria_colisao']",2004,
1958,p,p,13,TeV,sqrt_s_NN,FASER nu,LHC,CERN,['neutrinos'],2021,True
1962,Au,Au,,,nao_informado,,RHIC,BNL,"['espectro_de_particulas', 'producao_de_hadrons', 'geometria_colisao']",2007,
1963,Pb,Pb,158,GeV,nao_informado,NA50,,CERN,['quarkonia'],1996,True
1964,p,p,,,nao_informado,,LHC,CERN,"['choque_espalhamento', 'espectro_de_particulas']",2020,
1964,Pb,p,,,nao_informado,,LHC,CERN,"['choque_espalhamento', 'espectro_de_particulas']",2020,
1964,Pb,Pb,,,nao_informado,,LHC,CERN,"['choque_espalhamento', 'espectro_de_particulas']",2020,
1967,p,p,,,nao_informado,ALICE,LHC,CERN,['quarkonia'],2013,
1970,Au,Au,,,energia_de_feixe,E895,AGS,BNL,['fluxo'],1997,
1973,p,p,,,nao_informado,,LHC,CERN,['choque_espalhamento'],2021,
1978,A,d,,,nao_informado,SCAN-3,Nuclotron,JINR,"['espectro_de_particulas', 'interacoes_hadronicas', 'quarkonia']",2017,
1979,p,p,400,GeV/c,energia_de_feixe,NA27,,CERN,"['multiplicidade', 'flutuacoes', 'espectro_de_particulas']",1997,True
1985,p,p,13,TeV,sqrt_s_NN,ATLAS,,CERN,['formas_de_evento'],2026,True
1991,p,p,13,TeV,sqrt_s_NN,LHCb,LHC,CERN,"['choque_espalhamento', 'producao_de_hadrons']",2021,True
1991,p,Pb,,,nao_informado,LHCb,LHC,CERN,['efeitos_nucleares'],2021,
1993,p,p,,,nao_informado,,Tevatron,Fermilab,['quarkonia'],2004,
1993,p,p,,,nao_informado,,LHC,CERN,['quarkonia'],2004,
1994,Pb,Pb,158,AGeV,energia_de_feixe,WA98,SPS,CERN,"['multiplicidade', 'sondas_eletromagneticas']",1999,True
1999,p,p,13,TeV,sqrt_s_NN,ATLAS,LHC,CERN,['producao_de_hadrons'],2026,True
2002,p,p,,,nao_informado,LHCb,LHC,CERN,['quarkonia'],2011,
2005,p,p,900,GeV,sqrt_s_NN,ALICE,LHC,CERN,"['producao_de_hadrons', 'espectro_de_particulas']",2011,True
2010,p,p,900,GeV,sqrt_s_NN,ALICE,LHC,CERN,"['correlacoes', 'multiplicidade']",2011,True
2014,p,p,7,TeV,sqrt_s_NN,ALICE,LHC,CERN,"['producao_de_hadrons', 'choque_espalhamento']",2013,True
2014,p,p,2.76,TeV,sqrt_s_NN,ALICE,LHC,CERN,"['producao_de_hadrons', 'choque_espalhamento']",2013,True
2025,p,p,7,TeV,sqrt_s_NN,ATLAS,LHC,CERN,['caracterizacao_de_detector'],2011,True
2028,p,p,1.8,TeV,sqrt_s_NN,MiniMax,Tevatron,Fermilab,"['espectro_de_particulas', 'producao_de_hadrons']",2000,True
2033,p,p,200,GeV,sqrt_s_NN,,RHIC,BNL,['correlacoes'],2015,True
2033,p,p,500,GeV,sqrt_s_NN,,RHIC,BNL,['correlacoes'],2015,True
2036,Pb,Pb,3.2,TeV,energia_de_feixe,,LHC,CERN,['quarkonia'],1993,True
2036,p,p,8,TeV,energia_de_feixe,,LHC,CERN,['producao_de_hadrons'],1993,True
2038,p,p,900,GeV,sqrt_s_NN,ALICE,LHC,CERN,"['multiplicidade', 'sondas_eletromagneticas']",2023,True
2038,p,p,2.76,TeV,sqrt_s_NN,ALICE,LHC,CERN,"['multiplicidade', 'sondas_eletromagneticas']",2023,True
2038,p,p,7,TeV,sqrt_s_NN,ALICE,LHC,CERN,"['multiplicidade', 'sondas_eletromagneticas']",2023,True
2040,Au,d,,,nao_informado,,SPS,CERN,['espectro_de_particulas'],2009,
2040,Au,d,,,nao_informado,,RHIC,BNL,"['espectro_de_particulas', 'geometria_colisao']",2009,
2040,Au,p,,,nao_informado,,LHC,CERN,['espectro_de_particulas'],2009,
2048,p,p,,,nao_informado,CMS,LHC,CERN,['calibracao'],2013,
2052,p,p,,,nao_informado,,LHC,CERN,['producao_de_hadrons'],2022,
2055,Au,Au,,,nao_informado,,RHIC,BNL,"['barions_stopping', 'qgp']",2013,
2059,Au,Au,,,nao_informado,STAR,RHIC,BNL,['estranheza'],2004,
2059,p,p,,,nao_informado,STAR,RHIC,BNL,"['estranheza', 'espectro_de_particulas']",2004,
2062,Pb,p,,,nao_informado,,LHC,CERN,['fluxo'],2014,
2063,p,p,,,nao_informado,LHCb,LHC,CERN,['caracterizacao_de_detector'],2014,
2064,C,p,158,GeV,energia_de_feixe,NA49,,CERN,['antimateria_nucleos_leves'],2013,True
2065,Au,d,,,nao_informado,,RHIC,BNL,['quarkonia'],2007,
2065,Au,Au,,,nao_informado,,RHIC,BNL,['quarkonia'],2007,
2068,Au,Au,19.6-200,GeV,sqrt_s_NN,,RHIC,BNL,"['producao_de_hadrons', 'espectro_de_particulas', 'geometria_colisao']",2007,True
2068,Cu,Cu,19.6-200,GeV,sqrt_s_NN,,RHIC,BNL,"['producao_de_hadrons', 'espectro_de_particulas', 'geometria_colisao']",2007,True
2068,Pb,Pb,5.52,TeV,sqrt_s_NN,,LHC,CERN,"['producao_de_hadrons', 'espectro_de_particulas', 'geometria_colisao']",2007,True
2069,p,p,,,nao_informado,CMS,,CERN,['producao_de_jatos'],2025,
2070,p,p,,,nao_informado,NA61/SHINE,SPS,CERN,"['multiplicidade', 'espectro_de_particulas']",2020,
2070,p,p,,,nao_informado,NA49,SPS,CERN,"['multiplicidade', 'espectro_de_particulas']",2020,
2070,p,p,,,nao_informado,,NICA,JINR,"['multiplicidade', 'espectro_de_particulas']",2020,
2072,p,p,200,GeV,sqrt_s_NN,,RHIC,BNL,"['quarkonia', 'supressao']",2011,True
2072,Au,d,200,GeV,sqrt_s_NN,,RHIC,BNL,"['quarkonia', 'supressao']",2011,True
2072,Cu,Cu,200,GeV,sqrt_s_NN,,RHIC,BNL,"['quarkonia', 'supressao']",2011,True
2072,Au,Au,200,GeV,sqrt_s_NN,,RHIC,BNL,"['quarkonia', 'supressao', 'geometria_colisao']",2011,True
2073,Be,p,800,GeV,energia_de_feixe,E866,FNAL,Fermilab,['choque_espalhamento'],2004,True
2073,Fe,p,800,GeV,energia_de_feixe,E866,FNAL,Fermilab,['choque_espalhamento'],2004,True
2073,p,W,800,GeV,energia_de_feixe,E866,FNAL,Fermilab,['choque_espalhamento'],2004,True
2075,Pb,Pb,158,AGeV,energia_de_feixe,WA98,SPS,CERN,"['multiplicidade', 'flutuacoes']",1998,True
2076,Ar,KCl,1.2,GeV,energia_de_feixe,Bevalac,Bevalac,LBNL,['fluxo'],1996,True
2076,NaF,Ne,1.2,GeV,energia_de_feixe,Bevalac,Bevalac,LBNL,['fluxo'],1996,True
2076,NaF,Ne,2.1,GeV,energia_de_feixe,Bevalac,Bevalac,LBNL,['fluxo'],1996,True
2077,Pb,Pb,160,GeV,energia_de_feixe,,SPS,CERN,['espectro_de_particulas'],1995,True
2077,Au,Au,200,GeV,sqrt_s_NN,,RHIC,BNL,['espectro_de_particulas'],1995,True
2086,p,p,2.76,TeV,sqrt_s_NN,ALICE,,CERN,['multiplicidade'],2026,True
2086,p,p,7,TeV,sqrt_s_NN,ALICE,,CERN,['multiplicidade'],2026,True
2086,p,p,13,TeV,sqrt_s_NN,ALICE,,CERN,['multiplicidade'],2026,True
2094,p,p,,,nao_informado,ALICE,,CERN,"['correlacoes', 'fluxo']",2020,
2094,Pb,p,,,nao_informado,ALICE,,CERN,"['correlacoes', 'fluxo']",2020,
2100,Pb,Pb,2.76,TeV,sqrt_s_NN,ATLAS,LHC,CERN,"['supressao', 'quarkonia', 'geometria_colisao']",2011,True
2102,p,p,200,GeV,sqrt_s_NN,PHOBOS,RHIC,BNL,"['multiplicidade', 'geometria_colisao', 'fluxo']",2007,True
2102,Au,d,200,GeV,sqrt_s_NN,PHOBOS,RHIC,BNL,"['multiplicidade', 'geometria_colisao', 'fluxo']",2007,True
2102,Au,Au,200,GeV,sqrt_s_NN,PHOBOS,RHIC,BNL,"['multiplicidade', 'geometria_colisao', 'fluxo']",2007,True
2103,p,p,,,nao_informado,,RHIC,BNL,['quarkonia'],2006,
2108,p,p,8,TeV,sqrt_s_NN,ATLAS,LHC,CERN,['muons_eletrons'],2014,True
2109,p,p,900,GeV,sqrt_s_NN,LHCf,LHC,CERN,['neutrons_emissao_frontal'],2013,True
2109,p,p,7,TeV,sqrt_s_NN,LHCf,LHC,CERN,['neutrons_emissao_frontal'],2013,True
2111,In,In,158,GeV,energia_de_feixe,NA60,SPS,CERN,"['sondas_eletromagneticas', 'fluxo', 'espectro_de_particulas']",2008,True
2114,p,p,900,GeV,sqrt_s_NN,,LHC,CERN,"['multiplicidade', 'correlacoes', 'formas_de_evento']",2012,True
2120,p,p,13,TeV,sqrt_s_NN,ATLAS,LHC,CERN,['correlacoes'],2016,True
2121,Pb,Pb,,,nao_informado,,LHC,CERN,['sondas_eletromagneticas'],2011,
2122,Au,p,,,nao_informado,,RHIC,BNL,['choque_espalhamento'],2002,
2127,p,p,13,TeV,sqrt_s_NN,ALICE,Large Hadron Collider,CERN,"['sondas_eletromagneticas', 'espectro_de_particulas']",2023,True
2133,p,p,14,TeV,sqrt_s_NN,ATLAS,LHC,CERN,['luminosidade'],2022,True
2133,Pb,Pb,,,nao_informado,ATLAS,LHC,CERN,['luminosidade'],2022,
2133,Pb,p,,,nao_informado,ATLAS,LHC,CERN,['luminosidade'],2022,
2135,p,p,14,TeV,sqrt_s_NN,LHCf,LHC,CERN,['espectro_de_particulas'],2010,True
2136,Au,Au,200,GeV,sqrt_s_NN,STAR,RHIC,BNL,"['quarkonia', 'fluxo']",2007,True
2139,Pb,Pb,2.76,TeV,sqrt_s_NN,ALICE,LHC,CERN,"['fluxo', 'supressao']",2013,True
2141,p,p,,,nao_informado,,LHC,CERN,"['choque_espalhamento', 'particulas_novas']",2005,
2147,p,p,,,nao_informado,CMS,LHC,CERN,['muons_eletrons'],2007,
2151,p,p,7,TeV,sqrt_s_NN,LHCb,,CERN,['quarkonia'],2015,True
2151,p,p,8,TeV,sqrt_s_NN,LHCb,,CERN,['quarkonia'],2015,True
2153,An,S,200,GeV,energia_de_feixe,CERN-WA80,,CERN,['sondas_eletromagneticas'],1996,True
2154,Pb,Pb,,,nao_informado,,LHC,CERN,['fluxo'],2023,
2154,Pb,p,,,nao_informado,,LHC,CERN,['fluxo'],2023,
2154,p,p,,,nao_informado,,LHC,CERN,['fluxo'],2023,
2156,p,p,,,nao_informado,ATLAS,LHC,CERN,['correlacoes'],2013,
2159,Ar,Pb,1.8,GeV,energia_de_feixe,streamer chamber,Bevalac,LBNL,['correlacoes'],1991,True
2160,p,p,,,nao_informado,,LHC,CERN,['multiplicidade'],2025,
2162,p,p,,,nao_informado,CMS,LHC,CERN,['pid'],2011,
2167,p,p,,,nao_informado,,RHIC,BNL,"['spin_e_polarizacao', 'quarkonia', 'espectro_de_particulas']",2021,
2170,Au,Au,,,nao_informado,STAR,RHIC,BNL,['flutuacoes'],2016,
2177,p,p,13,TeV,sqrt_s_NN,LHCf,LHC,CERN,['sondas_eletromagneticas'],2018,True
2178,p,p,,,nao_informado,ALICE,LHC,CERN,"['quarkonia', 'espectro_de_particulas']",2016,
2178,Pb,p,,,nao_informado,ALICE,LHC,CERN,"['quarkonia', 'espectro_de_particulas']",2016,
2178,Pb,Pb,,,nao_informado,ALICE,LHC,CERN,"['quarkonia', 'espectro_de_particulas']",2016,
2180,p,p,7,TeV,sqrt_s_NN,LHCf,LHC,CERN,['espectro_de_particulas'],2012,True
2184,Au,Au,,,nao_informado,,RHIC,BNL,"['espectro_de_particulas', 'fluxo', 'supressao', 'geometria_colisao']",2004,
2192,Kr,Sn,25,MeV,energia_de_feixe,CSHINE,,,"['correlacoes', 'sondas_eletromagneticas']",2024,True
2193,Au,Au,39,GeV,sqrt_s_NN,,RHIC,BNL,"['fluxo', 'espectro_de_particulas']",2017,True
2193,Au,Au,62.4,GeV,sqrt_s_NN,,RHIC,BNL,"['fluxo', 'espectro_de_particulas']",2017,True
2193,Au,Au,200,GeV,sqrt_s_NN,,RHIC,BNL,"['fluxo', 'espectro_de_particulas']",2017,True
2194,p,p,,,nao_informado,ATLAS,LHC,CERN,['difracao'],2016,
2199,p,p,,,nao_informado,,RHIC,BNL,"['choque_espalhamento', 'quarkonia']",2005,
2199,p,p,,,nao_informado,,Tevatron,Fermilab,"['choque_espalhamento', 'quarkonia']",2005,
2199,p,p,,,nao_informado,,LHC,CERN,"['choque_espalhamento', 'quarkonia']",2005,
2204,Au,S,200,GeV,energia_de_feixe,WA80,SPS,CERN,['sondas_eletromagneticas'],2000,True
2205,p,p,7,TeV,sqrt_s_NN,ATLAS,,CERN,['taxa_de_eventos'],2012,True
2206,Pb,Pb,158,GeV,energia_de_feixe,NA49,,,"['correlacoes', 'geometria_colisao']",2011,True
2206,Au,Pb,158,GeV,energia_de_feixe,CERES,,,['correlacoes'],2011,True
2206,Au,Au,,,nao_informado,PHENIX,RHIC,BNL,['correlacoes'],2011,
2211,p,,,,nao_informado,ALICE,,CERN,"['quarkonia', 'espectro_de_particulas']",2022,
2213,Au,Au,130,GeV,sqrt_s_NN,PHENIX,,BNL,"['espectro_de_particulas', 'producao_de_hadrons']",2022,True
2213,Au,Au,200,GeV,sqrt_s_NN,PHENIX,,BNL,"['espectro_de_particulas', 'producao_de_hadrons']",2022,True
2216,p,p,8,TeV,sqrt_s_NN,CMS,LHC,CERN,['materia_escura'],2016,True
2216,p,p,13,TeV,sqrt_s_NN,CMS,LHC,CERN,['materia_escura'],2016,True
2218,p,p,,,nao_informado,,RHIC,BNL,"['spin_e_polarizacao', 'quarkonia']",2007,
2219,Au,Au,,,nao_informado,,RHIC,BNL,['supressao'],2007,
2219,Pb,Pb,5500,GeV,sqrt_s_NN,CMS,LHC,CERN,"['supressao', 'espectro_de_particulas']",2007,True
2220,p,p,400,GeV,sqrt_s_NN,NA27,,CERN,"['espectro_de_particulas', 'flutuacoes']",1994,True
2223,U,U,,,nao_informado,STAR,RHIC,BNL,"['fluxo', 'espectro_de_particulas']",2020,
2225,Au,Au,200,GeV,sqrt_s_NN,STAR,,BNL,"['espectro_de_particulas', 'producao_de_hadrons']",2003,True
2225,p,p,200,GeV,sqrt_s_NN,STAR,,BNL,"['espectro_de_particulas', 'producao_de_hadrons']",2003,True
2227,p,p,13,TeV,sqrt_s_NN,,LHC,CERN,['producao_de_bosons'],2024,True
2231,p,p,900,GeV,sqrt_s_NN,,LHC,CERN,"['multiplicidade', 'correlacoes']",2011,True
2232,Au,Au,,,nao_informado,PHENIX,RHIC,BNL,"['caracterizacao_de_detector', 'background']",2004,
2233,Au,Au,7.7 - 200,GeV,sqrt_s_NN,STAR,RHIC,BNL,"['espectro_de_particulas', 'geometria_colisao', 'estranheza']",2022,True
2239,Au,Au,200,GeV,sqrt_s_NN,PHOBOS,RHIC,BNL,"['espectro_de_particulas', 'sondas_eletromagneticas']",1996,True
2240,p,p,,,nao_informado,ATLAS,LHC,CERN,['sondas_eletromagneticas'],2026,
2242,Pb,Pb,,,nao_informado,ALICE,LHC,CERN,"['quarkonia', 'supressao']",2025,
2242,Xe,Xe,,,nao_informado,ALICE,LHC,CERN,"['quarkonia', 'supressao']",2025,
2242,p,p,,,nao_informado,ALICE,LHC,CERN,['quarkonia'],2025,
2243,p,p,13,TeV,sqrt_s_NN,ALICE,LHC,CERN,"['producao_de_hadrons', 'espectro_de_particulas']",2024,True
2248,p,p,,,nao_informado,ALICE,LHC,CERN,"['choque_espalhamento', 'sondas_eletromagneticas', 'difracao']",2022,
2249,Au,Au,6-45,GeV,energia_de_feixe,CBM,FAIR,FAIR,"['geometria_colisao', 'quarkonia', 'producao_de_hadrons']",2015,True
2254,Au,Au,,,nao_informado,,RHIC,BNL,"['espectro_de_particulas', 'termodinamica_equacao_de_estado']",2020,
2254,Pb,Pb,,,nao_informado,,LHC,CERN,"['espectro_de_particulas', 'termodinamica_equacao_de_estado']",2020,
2254,p,p,,,nao_informado,,LHC,CERN,"['espectro_de_particulas', 'termodinamica_equacao_de_estado']",2020,
2263,p,p,8,TeV,sqrt_s_NN,CMS,,CERN,['assimetria_de_carga'],2021,True
2271,Pb,Pb,2.76,TeV,sqrt_s_NN,,,CERN,"['supressao', 'quarkonia']",2014,True
2271,p,p,2.76,TeV,sqrt_s_NN,,,CERN,"['supressao', 'quarkonia']",2014,True
2272,p,p,1.8,TeV,sqrt_s_NN,CDF,,Fermilab,['choque_espalhamento'],2004,True
2274,p,p,630,GeV,sqrt_s_NN,UA1,,CERN,"['multiplicidade', 'correlacoes']",1998,True
2278,p,p,,,nao_informado,,LHC,CERN,"['choque_espalhamento', 'quarkonia', 'producao_de_jatos']",2026,
2284,Au,Au,62.4,GeV,sqrt_s_NN,,RHIC,BNL,['espectro_de_particulas'],2017,True
2284,Pb,Pb,2.76,TeV,sqrt_s_NN,,LHC,CERN,['espectro_de_particulas'],2017,True
2285,p,p,450,GeV/c,nao_informado,OMEGA,,CERN,['sondas_eletromagneticas'],2002,True
2288,p,p,,,nao_informado,LHCb,Large Hadron Collider,CERN,"['quarkonia', 'producao_de_hadrons']",2021,
2289,p,p,13,TeV,sqrt_s_NN,CMS,,CERN,"['multiplicidade', 'correlacoes']",2019,True
2292,Pb,Pb,,,nao_informado,,LHC,CERN,['quarkonia'],2017,
2292,p,p,,,nao_informado,,LHC,CERN,['quarkonia'],2017,
2301,p,p,,,nao_informado,,LHC,CERN,"['choque_espalhamento', 'spin_e_polarizacao', 'quarkonia']",1998,
2305,p,p,250,GeV,energia_de_feixe,STAR,RHIC,BNL,['spin_e_polarizacao'],2006,True
2305,p,p,100,GeV,energia_de_feixe,STAR,RHIC,BNL,['spin_e_polarizacao'],2006,True
2310,Pb,p,,,nao_informado,,LHC,CERN,"['quarkonia', 'choque_espalhamento', 'espectro_de_particulas']",2021,
2311,Ag,Ag,1.58,AGeV,energia_de_feixe,HADES,,,['sondas_eletromagneticas'],2020,True
2314,p,p,900,GeV,sqrt_s_NN,ALICE,LHC,CERN,['espectro_de_particulas'],2010,True
2314,p,p,2.36,TeV,sqrt_s_NN,ALICE,LHC,CERN,['espectro_de_particulas'],2010,True
2314,p,p,7,TeV,sqrt_s_NN,ALICE,LHC,CERN,['espectro_de_particulas'],2010,True
2314,Pb,Pb,2.75,TeV,sqrt_s_NN,ALICE,LHC,CERN,['sondas_eletromagneticas'],2010,True
2317,Au,Au,7.7,GeV,sqrt_s_NN,STAR,,BNL,['correlacoes'],2017,True
2317,Au,Au,11.5,GeV,sqrt_s_NN,STAR,,BNL,['correlacoes'],2017,True
2317,Au,Au,39,GeV,sqrt_s_NN,STAR,,BNL,['correlacoes'],2017,True
2318,p,p,13,TeV,sqrt_s_NN,ATLAS,LHC,CERN,['reconstrucao_de_jatos'],2016,True
2324,Pb,Pb,2.76,TeV,sqrt_s_NN,ALICE,,CERN,"['producao_de_hadrons', 'espectro_de_particulas']",2013,True
2324,p,p,7,TeV,sqrt_s_NN,ALICE,,CERN,"['producao_de_hadrons', 'espectro_de_particulas']",2013,True
2325,p,p,7,TeV,sqrt_s_NN,ATLAS,Large Hadron Collider,CERN,['choque_espalhamento'],2011,True
2330,p,p,,,nao_informado,,LHC,CERN,"['choque_espalhamento', 'spin_e_polarizacao']",2020,
2332,p,p,13,TeV,sqrt_s_NN,ALICE,LHC,CERN,"['espectro_de_particulas', 'multiplicidade', 'correlacoes']",2017,True
2332,Pb,p,13,TeV,sqrt_s_NN,ALICE,LHC,CERN,"['espectro_de_particulas', 'multiplicidade', 'correlacoes']",2017,True
2334,Cu,Pb,158,,energia_de_feixe,CR-39,SPS,CERN,['choque_espalhamento'],2008,True
2335,Au,Au,200,GeV,sqrt_s_NN,STAR,,BNL,"['estranheza', 'geometria_colisao', 'espectro_de_particulas']",2005,True
2336,p,p,0.9,TeV,sqrt_s_NN,CMS,,CERN,"['multiplicidade', 'espectro_de_particulas']",2026,True
2336,p,p,2.36,TeV,sqrt_s_NN,CMS,,CERN,"['multiplicidade', 'espectro_de_particulas']",2026,True
2336,p,p,7,TeV,sqrt_s_NN,CMS,,CERN,"['multiplicidade', 'espectro_de_particulas']",2026,True
2338,p,p,,,nao_informado,,LHC,CERN,['multiplicidade'],2013,
2339,Au,Au,200,,sqrt_s_NN,PHENIX,RHIC,BNL,"['flutuacoes', 'multiplicidade']",2006,True
2344,Pb,p,,,nao_informado,,LHC,CERN,['quarkonia'],2025,
2344,Pb,p,8.16,TeV,sqrt_s_NN,,LHC,CERN,"['supressao', 'geometria_colisao']",2025,True
2345,p,p,,,nao_informado,,LHC,CERN,"['multiplicidade', 'correlacoes']",2019,
2347,Au,Au,,,nao_informado,,RHIC,BNL,"['supressao', 'producao_de_hadrons']",2006,
2350,p,p,900,GeV,sqrt_s_NN,ALICE,LHC,CERN,"['multiplicidade', 'espectro_de_particulas', 'antimateria_nucleos_leves']",2011,True
2352,p,p,,,nao_informado,,SPS,CERN,"['flutuacoes', 'multiplicidade']",1992,
2357,p,p,,,nao_informado,ALICE,LHC,CERN,"['estranheza', 'producao_de_hadrons']",2014,
2357,p,Pb,,,nao_informado,ALICE,LHC,CERN,"['estranheza', 'producao_de_hadrons']",2014,
2357,Pb,Pb,,,nao_informado,ALICE,LHC,CERN,"['estranheza', 'producao_de_hadrons']",2014,
2359,p,p,200,GeV,sqrt_s_NN,STAR,RHIC,BNL,"['spin_e_polarizacao', 'producao_de_jatos', 'producao_de_hadrons']",2008,True
2362,Pb,Pb,,,nao_informado,WA98,SPS,CERN,['sondas_eletromagneticas'],2001,
2362,Au,Au,,,nao_informado,,RHIC,BNL,['sondas_eletromagneticas'],2001,
2364,p,p,,,nao_informado,,LHC,CERN,['quarkonia'],2015,
2371,p,p,,,nao_informado,,LHC,CERN,"['quarkonia', 'multiplicidade']",2013,
2373,Au,Au,62.4,GeV,sqrt_s_NN,STAR,,BNL,"['sondas_eletromagneticas', 'multiplicidade', 'geometria_colisao']",2008,True
2373,Pb,Pb,17.3,GeV,sqrt_s_NN,WA98,,CERN,"['sondas_eletromagneticas', 'multiplicidade', 'geometria_colisao']",2008,True
2374,Au,Au,,,nao_informado,,RHIC,BNL,['fluxo'],2025,
2374,O,O,,,nao_informado,,LHC,CERN,['fluxo'],2025,
2374,Pb,Pb,,,nao_informado,,LHC,CERN,['fluxo'],2025,
2375,p,p,,,nao_informado,ALICE,LHC,CERN,"['antimateria_nucleos_leves', 'espectro_de_particulas']",2024,
2376,Au,Au,,,nao_informado,,RHIC,BNL,['estrutura_nuclear'],2024,
2376,O,O,,,nao_informado,,LHC,CERN,['estrutura_nuclear'],2024,
2376,Pb,Pb,,,nao_informado,,LHC,CERN,['estrutura_nuclear'],2024,
2376,Ru,Ru,,,nao_informado,,RHIC,BNL,['estrutura_nuclear'],2024,
2376,U,U,,,nao_informado,,RHIC,BNL,['estrutura_nuclear'],2024,
2376,Xe,Xe,,,nao_informado,,LHC,CERN,['estrutura_nuclear'],2024,
2376,Zr,Zr,,,nao_informado,,RHIC,BNL,['estrutura_nuclear'],2024,
2377,p,p,7,TeV,sqrt_s_NN,ATLAS,LHC,CERN,"['correlacoes', 'interferometria', 'espectro_de_particulas']",2017,True
2378,Pb,Pb,2.76,TeV,sqrt_s_NN,ALICE,LHC,CERN,"['antimateria_nucleos_leves', 'producao_de_hadrons']",2013,True
2379,Au,Au,200,GeV,sqrt_s_NN,STAR,RHIC,BNL,"['fluxo', 'estranheza']",2012,True
2381,,,39,GeV,sqrt_s_NN,STAR,RHIC,BNL,"['fluxo', 'flutuacoes', 'producao_de_hadrons', 'quarkonia']",2023,True
2383,p,p,,,nao_informado,LHCb,Large Hadron Collider,CERN,['quarkonia'],2026,
2385,p,p,62.4,GeV,sqrt_s_NN,,RHIC,BNL,['espectro_de_particulas'],2022,True
2385,p,p,7,TeV,sqrt_s_NN,,LHC,CERN,['espectro_de_particulas'],2022,True
2387,Au,Au,200,GeV,sqrt_s_NN,STAR,RHIC,BNL,"['correlacoes', 'interferometria']",2019,True
2390,Au,Au,,,nao_informado,,RHIC,BNL,['correlacoes'],2012,
2391,Au,Au,200,GeV,sqrt_s_NN,STAR,RHIC,BNL,"['fluxo', 'estranheza']",2011,True
2398,p,p,,,nao_informado,CMS,,CERN,['caracterizacao_de_detector'],2026,
2399,p,p,,,nao_informado,CMS,LHC,CERN,['caracterizacao_de_detector'],2026,
2401,p,p,7,TeV,sqrt_s_NN,,LHC,CERN,['choque_espalhamento'],2017,True
2401,p,p,8,TeV,sqrt_s_NN,,LHC,CERN,['choque_espalhamento'],2017,True
2401,p,p,13,TeV,sqrt_s_NN,,LHC,CERN,['choque_espalhamento'],2017,True
2410,Pb,Pb,,,nao_informado,ALICE,LHC,CERN,"['correlacoes', 'fluxo']",2012,
2410,p,p,,,nao_informado,ALICE,LHC,CERN,"['correlacoes', 'fluxo']",2012,
2414,p,p,,,nao_informado,,LHC,CERN,['sondas_eletromagneticas'],2008,
2417,Au,Au,3,GeV,sqrt_s_NN,STAR,,BNL,['antimateria_nucleos_leves'],2023,True
2425,Au,Au,200,GeV,sqrt_s_NN,PHENIX,RHIC,BNL,['quarkonia'],2020,True
2425,p,p,200,GeV,sqrt_s_NN,PHENIX,RHIC,BNL,['quarkonia'],2020,True
2426,p,p,200,GeV,sqrt_s_NN,STAR,RHIC,BNL,"['spin_e_polarizacao', 'espectro_de_particulas']",2015,True
2431,p,Pb,,,nao_informado,,LHC,CERN,"['correlacoes', 'supressao']",2014,
2431,p,p,,,nao_informado,,LHC,CERN,['correlacoes'],2014,
2432,p,p,,,nao_informado,,LHC,CERN,['multiplicidade'],2013,
2432,p,,,,nao_informado,,LHC,CERN,['multiplicidade'],2013,
2432,,,,,nao_informado,,LHC,CERN,['multiplicidade'],2013,
2434,Au,Au,200,GeV,sqrt_s_NN,PHENIX,RHIC,BNL,"['sondas_eletromagneticas', 'producao_de_hadrons']",2007,True
2435,p,p,,,nao_informado,,LHC,CERN,['multiplicidade'],2004,
2436,p,p,,,nao_informado,CDF,Tevatron,Fermilab,"['quarkonia', 'choque_espalhamento', 'correlacoes']",2004,
2436,p,p,,,nao_informado,,LHC,CERN,"['quarkonia', 'choque_espalhamento', 'correlacoes']",2004,
2438,Ag,S,200,GeV,energia_de_feixe,HELIOS,,CERN,"['multiplicidade', 'flutuacoes', 'geometria_colisao']",1991,True
2438,Pt,S,200,GeV,energia_de_feixe,HELIOS,,CERN,"['multiplicidade', 'flutuacoes', 'geometria_colisao']",1991,True
2441,Pb,p,5,TeV,sqrt_s_NN,ALICE,LHC,CERN,"['quarkonia', 'espectro_de_particulas']",2016,True
2442,p,p,500,GeV,sqrt_s_NN,PHENIX,RHIC,BNL,['spin_e_polarizacao'],2011,True
2448,p,p,,,nao_informado,ALICE,LHC,CERN,"['supressao', 'choque_espalhamento', 'espectro_de_particulas']",2015,
2448,p,Pb,,,nao_informado,ALICE,LHC,CERN,"['supressao', 'choque_espalhamento', 'espectro_de_particulas']",2015,
2448,Pb,Pb,,,nao_informado,ALICE,LHC,CERN,"['supressao', 'choque_espalhamento', 'espectro_de_particulas']",2015,
2454,p,p,,,nao_informado,,LHC,CERN,"['fluxo', 'supressao']",2019,
2456,Au,p,18,GeV,energia_de_feixe,E910,AGS,BNL,"['espectro_de_particulas', 'geometria_colisao', 'producao_de_hadrons']",1999,True
2456,Be,p,18,GeV,energia_de_feixe,E910,AGS,BNL,"['espectro_de_particulas', 'geometria_colisao', 'producao_de_hadrons']",1999,True
2456,Cu,p,18,GeV,energia_de_feixe,E910,AGS,BNL,"['espectro_de_particulas', 'geometria_colisao', 'producao_de_hadrons']",1999,True
2459,O,S,200,GeV,energia_de_feixe,,,CERN,"['multiplicidade', 'espectro_de_particulas']",1993,True
2462,A,p,,,nao_informado,,RHIC,BNL,"['espectro_de_particulas', 'supressao']",2013,
2462,A,p,,,nao_informado,,LHC,CERN,"['espectro_de_particulas', 'supressao']",2013,
2463,p,p,200,GeV,sqrt_s_NN,STAR,RHIC,BNL,"['spin_e_polarizacao', 'producao_de_hadrons']",2011,True
2469,Pb,p,,,nao_informado,ALICE,LHC,CERN,"['geometria_colisao', 'correlacoes', 'fluxo']",2019,
2469,Pb,p,,,nao_informado,LHCb,LHC,CERN,"['geometria_colisao', 'correlacoes', 'fluxo']",2019,
2473,Au,d,,,nao_informado,,RHIC,BNL,['espectro_de_particulas'],2008,
2478,p,p,,,nao_informado,ALICE,,CERN,['quarkonia'],2019,
2478,Pb,p,,,nao_informado,ALICE,,CERN,['quarkonia'],2019,
2478,Pb,Pb,,,nao_informado,ALICE,,CERN,['quarkonia'],2019,
2478,Xe,Xe,,,nao_informado,ALICE,,CERN,['quarkonia'],2019,
2484,p,p,900,GeV,sqrt_s_NN,ATLAS,LHC,CERN,"['correlacoes', 'espectro_de_particulas']",2012,True
2484,p,p,7,TeV,sqrt_s_NN,ATLAS,LHC,CERN,"['correlacoes', 'espectro_de_particulas']",2012,True
2486,Au,d,,,nao_informado,PHENIX,,BNL,['quarkonia'],2007,
2486,p,p,,,nao_informado,PHENIX,,BNL,['quarkonia'],2007,
2486,Au,Au,,,nao_informado,PHENIX,,BNL,['quarkonia'],2007,
2486,Cu,Cu,,,nao_informado,PHENIX,,BNL,['quarkonia'],2007,
2487,Pb,Pb,5.5,TeV,sqrt_s_NN,,LHC,CERN,"['espectro_de_particulas', 'producao_de_hadrons']",2005,True
2490,p,p,,,nao_informado,CMS,LHC,CERN,"['fluxo', 'correlacoes']",2020,
2490,p,Pb,,,nao_informado,CMS,LHC,CERN,"['fluxo', 'correlacoes']",2020,
2491,Pb,Pb,2.76,TeV,sqrt_s_NN,ALICE,,CERN,"['quarkonia', 'fluxo']",2017,True
2493,p,p,,,nao_informado,,LHC,CERN,"['choque_espalhamento', 'qgp']",2008,
2494,Pb,Pb,,GeV/A,energia_de_feixe,,,CERN,['espectro_de_particulas'],1995,
2495,p,p,13,TeV,sqrt_s_NN,,LHC,CERN,"['quarkonia', 'multiplicidade']",2023,True
2495,p,p,7,TeV,sqrt_s_NN,,LHC,CERN,"['quarkonia', 'multiplicidade']",2023,True
2499,Au,Au,200,GeV,sqrt_s_NN,PHENIX,RHIC,BNL,"['energia_transversa_densidade', 'geometria_colisao', 'flutuacoes']",2006,True
2499,Au,Au,62.4,GeV,sqrt_s_NN,PHENIX,RHIC,BNL,"['energia_transversa_densidade', 'geometria_colisao', 'flutuacoes']",2006,True
2506,p,p,,,nao_informado,,LHC,CERN,"['quarkonia', 'supressao']",2011,
2506,Au,Au,,,nao_informado,,RHIC,BNL,"['quarkonia', 'supressao']",2011,
2506,Cu,Cu,,,nao_informado,,RHIC,BNL,"['quarkonia', 'supressao']",2011,
2507,Au,Au,,,nao_informado,,RHIC,BNL,"['supressao', 'fluxo']",2011,
2513,p,p,,,nao_informado,,LHC,CERN,['correlacoes'],2025,
2514,p,p,,,nao_informado,,LHC,CERN,['quarkonia'],2023,
2517,p,p,,,nao_informado,ALICE,,CERN,['spin_e_polarizacao'],2008,
2522,p,p,,,nao_informado,AFTER@LHC,LHC,CERN,"['spin_e_polarizacao', 'choque_espalhamento']",2016,
2523,p,p,,,nao_informado,Collider Detector at Fermilab,Tevatron,Fermilab,['reconstrucao_de_jatos'],2006,
2524,p,p,14,TeV,sqrt_s_NN,ATLAS,HL-LHC,CERN,['higgs'],2023,True
2525,Pb,Pb,5,TeV,sqrt_s_NN,LHCb,LHC,CERN,['geometria_colisao'],2022,True
2525,Ne,Pb,69,GeV,sqrt_s_NN,LHCb,LHC,CERN,['geometria_colisao'],2022,True
2527,p,p,,,nao_informado,ALICE,LHC,CERN,"['estranheza', 'fluxo']",2018,
2528,p,p,,,nao_informado,,RHIC,BNL,"['fluxo', 'espectro_de_particulas']",2002,
2528,p,p,,,nao_informado,,LHC,CERN,"['fluxo', 'espectro_de_particulas']",2002,
2530,p,p,13,TeV,sqrt_s_NN,ATLAS,LHC,CERN,"['choque_espalhamento', 'quarkonia']",2019,True
2530,p,p,13,TeV,sqrt_s_NN,CMS,LHC,CERN,"['choque_espalhamento', 'quarkonia']",2019,True
2531,p,p,,,nao_informado,CMS,LHC,CERN,['tracking'],2014,
2537,C,p,5.1,GeV,sqrt_s_NN,,KEK,KEK,['producao_de_hadrons'],2025,True
2537,Cu,p,5.1,GeV,sqrt_s_NN,,KEK,KEK,['producao_de_hadrons'],2025,True
2538,Pb,Pb,5.02,TeV,sqrt_s_NN,ALICE,,CERN,['quarkonia'],2021,True
2541,Pb,p,,,nao_informado,,LHC,CERN,"['multiplicidade', 'espectro_de_particulas']",2013,
2542,p,p,,,nao_informado,LHCb,LHC,CERN,['caracterizacao_de_detector'],2010,
2544,p,p,,,sqrt_s_NN,,LHC,CERN,"['producao_de_hadrons', 'espectro_de_particulas']",2024,
2544,p,p,,,nao_informado,,Tevatron,Fermilab,['producao_de_hadrons'],2024,
2546,Au,Au,,,nao_informado,PHENIX,RHIC,BNL,"['sondas_eletromagneticas', 'espectro_de_particulas']",2005,
2546,p,p,,,nao_informado,PHENIX,RHIC,BNL,"['sondas_eletromagneticas', 'espectro_de_particulas']",2005,
2547,,,,,nao_informado,,RHIC,BNL,"['multiplicidade', 'supressao']",2004,
2549,Au,p,18,GeV,energia_de_feixe,E910,AGS,BNL,"['estranheza', 'geometria_colisao']",1998,True
2553,p,p,,,nao_informado,ALICE,LHC,CERN,"['espectro_de_particulas', 'supressao', 'quarkonia']",2022,
2553,p,Pb,,,nao_informado,ALICE,LHC,CERN,"['espectro_de_particulas', 'supressao', 'quarkonia']",2022,
2553,Pb,Pb,,,nao_informado,ALICE,LHC,CERN,"['espectro_de_particulas', 'supressao', 'quarkonia']",2022,
2555,p,p,,,nao_informado,,LHC,CERN,['espectro_de_particulas'],2021,
2557,Pb,p,,,nao_informado,,LHC,CERN,"['quarkonia', 'choque_espalhamento']",2014,
2557,Pb,Pb,,,nao_informado,,LHC,CERN,"['quarkonia', 'choque_espalhamento']",2014,
2558,Pb,Pb,,,nao_informado,,LHC,CERN,['supressao'],2013,
2559,p,p,14,TeV,sqrt_s_NN,CMS,LHC,CERN,['espectro_de_particulas'],2005,True
2560,p,p,200,GeV,sqrt_s_NN,STAR,Relativistic Heavy Ion Collider,Brookhaven National Laboratory,"['spin_e_polarizacao', 'producao_de_hadrons']",2005,True
2562,p,p,,,nao_informado,ATLAS,LHC,CERN,['tracking'],2025,
2563,Au,Au,200,GeV,sqrt_s_NN,,RHIC,BNL,"['supressao', 'flutuacoes']",2011,True
2564,p,p,,,nao_informado,PHENIX,RHIC,BNL,['spin_e_polarizacao'],2011,
2565,p,p,200,GeV,sqrt_s_NN,STAR,RHIC,BNL,['spin_e_polarizacao'],2009,True
2573,p,S,200,GeV,energia_de_feixe,NA-035,,CERN,['espectro_de_particulas'],2001,True
2573,S,S,200,GeV,energia_de_feixe,NA-035,,CERN,['espectro_de_particulas'],2001,True
2575,Au,Si,15,AGeV,energia_de_feixe,E802,AGS,BNL,['multiplicidade'],1992,True
2577,Au,Au,7.7 - 200,GeV,sqrt_s_NN,STAR,RHIC,BNL,"['espectro_de_particulas', 'geometria_colisao', 'supressao']",2019,True
2579,p,p,100,TeV,sqrt_s_NN,,FCC-hh,,['higgs'],2016,True
2580,Au,Au,200,GeV,sqrt_s_NN,PHENIX,,BNL,"['quarkonia', 'supressao']",2016,True
2585,Mg,p,,,nao_informado,Fermilab 30-inch bubble chamber,,Fermilab,"['espectro_de_particulas', 'choque_espalhamento']",1994,
2585,Ag,p,,,nao_informado,Fermilab 30-inch bubble chamber,,Fermilab,"['espectro_de_particulas', 'choque_espalhamento']",1994,
2585,Au,p,,,nao_informado,Fermilab 30-inch bubble chamber,,Fermilab,"['espectro_de_particulas', 'choque_espalhamento']",1994,
2588,p,p,14,TeV,sqrt_s_NN,,LHC,CERN,['fluxo'],2010,True
2594,p,p,400,GeV/c,nao_informado,NA27,,CERN,"['espectro_de_particulas', 'multiplicidade', 'flutuacoes']",1994,True
2599,p,p,16,TeV,sqrt_s_NN,,LHC,CERN,['higgs'],1994,True
2599,p,p,40,TeV,sqrt_s_NN,,SSC,,['higgs'],1994,True
2599,p,p,200,TeV,sqrt_s_NN,,ELN/Eloisatron,,['higgs'],1994,True
2603,p,p,,,nao_informado,PHENIX,,BNL,"['quarkonia', 'choque_espalhamento']",2018,
2606,Pb,Pb,,,nao_informado,ALICE,LHC,CERN,"['antimateria_nucleos_leves', 'producao_de_hadrons']",2023,
2609,Pb,Pb,2.76,TeV,sqrt_s_NN,ALICE,LHC,CERN,['supressao'],2013,True
2611,p,p,,,nao_informado,,LHC,CERN,['sondas_eletromagneticas'],2012,
2611,Pb,p,,,nao_informado,,LHC,CERN,['sondas_eletromagneticas'],2012,
2612,p,p,,,nao_informado,ALICE,LHC,CERN,['quarkonia'],2011,
2613,Au,Au,,,nao_informado,,RHIC,BNL,"['flutuacoes', 'geometria_colisao']",2002,
2613,Pb,Pb,,,nao_informado,NA49,SPS,CERN,"['flutuacoes', 'geometria_colisao']",2002,
2613,Pb,Pb,,,nao_informado,ALICE,,CERN,"['flutuacoes', 'geometria_colisao']",2002,
2615,p,p,,,nao_informado,,RHIC,BNL,['correlacoes'],2025,
2615,p,p,,,nao_informado,,LHC,CERN,['correlacoes'],2025,
2620,p,p,,,nao_informado,STAR,RHIC,BNL,['spin_e_polarizacao'],2010,
2621,Au,Au,200,GeV,sqrt_s_NN,STAR,RHIC,BNL,"['supressao', 'correlacoes', 'espectro_de_particulas']",2009,True
2622,p,p,200,GeV,sqrt_s_NN,STAR,RHIC,BNL,"['spin_e_polarizacao', 'producao_de_jatos', 'producao_de_hadrons']",2007,True
2623,Pb,Pb,160,AGeV,energia_de_feixe,WA98,,,"['producao_de_hadrons', 'supressao']",1998,True
2623,Pb,Pb,200,AGeV,sqrt_s_NN,,RHIC,BNL,"['producao_de_hadrons', 'supressao']",1998,True
2626,p,Pb,5.02,TeV,sqrt_s_NN,ALICE,LHC,CERN,"['quarkonia', 'geometria_colisao']",2017,True
2626,Pb,Pb,2.76,TeV,sqrt_s_NN,ALICE,LHC,CERN,"['quarkonia', 'geometria_colisao']",2017,True
2627,p,p,,,nao_informado,,LHC,CERN,"['correlacoes', 'quarkonia']",2009,
2627,Pb,Pb,,,nao_informado,,LHC,CERN,"['correlacoes', 'quarkonia']",2009,
2629,In,In,158,GeV,energia_de_feixe,,SPS,CERN,['sondas_eletromagneticas'],2006,True
2633,p,p,,,nao_informado,ATLAS,LHC,CERN,"['producao_de_jatos', 'quarkonia']",2018,
2635,Pb,Pb,,,nao_informado,,LHC,CERN,"['correlacoes', 'quarkonia', 'fluxo']",2009,
2635,p,p,14,TeV,sqrt_s_NN,,LHC,CERN,"['correlacoes', 'quarkonia']",2009,True
2637,Pb,Pb,158,GeV,energia_de_feixe,,SPS,CERN,['choque_espalhamento'],2002,True
2640,p,p,13,TeV,sqrt_s_NN,CMS,,CERN,"['producao_de_hadrons', 'propriedades_de_jatos']",2021,True
2642,p,p,13,TeV,sqrt_s_NN,CMS,,CERN,['choque_espalhamento'],2018,True
2644,p,p,7,TeV,sqrt_s_NN,CMS,LHC,CERN,"['choque_espalhamento', 'producao_de_jatos']",2017,True
2644,p,p,8,TeV,sqrt_s_NN,CMS,LHC,CERN,"['choque_espalhamento', 'producao_de_jatos']",2017,True
2644,p,p,13,TeV,sqrt_s_NN,CMS,LHC,CERN,"['choque_espalhamento', 'producao_de_jatos']",2017,True
2645,S,S,200,GeV,energia_de_feixe,,SPS,CERN,"['producao_de_hadrons', 'geometria_colisao']",2002,True
2645,Pb,S,200,GeV,energia_de_feixe,,SPS,CERN,"['producao_de_hadrons', 'geometria_colisao']",2002,True
2645,Pb,Pb,158,GeV,energia_de_feixe,,SPS,CERN,"['producao_de_hadrons', 'interferometria', 'geometria_colisao']",2002,True
2647,p,p,,,nao_informado,,LHC,CERN,['choque_espalhamento'],1993,
2649,Pb,Pb,,,nao_informado,ATLAS,LHC,CERN,"['supressao', 'quarkonia']",2025,
2650,p,p,,,nao_informado,ATLAS,LHC,CERN,['particulas_vida_longa'],2020,
2658,Pb,Pb,2.76,TeV,sqrt_s_NN,ALICE,LHC,CERN,"['espectro_de_particulas', 'fluxo', 'interferometria', 'geometria_colisao']",2015,True
2662,Au,Au,200,GeV,sqrt_s_NN,BRAHMS,RHIC,BNL,"['multiplicidade', 'espectro_de_particulas', 'supressao', 'fluxo']",2006,True
2662,Au,Au,62.4,GeV,sqrt_s_NN,BRAHMS,RHIC,BNL,"['multiplicidade', 'espectro_de_particulas', 'supressao', 'fluxo']",2006,True
2662,Cu,Cu,200,GeV,sqrt_s_NN,BRAHMS,RHIC,BNL,"['multiplicidade', 'espectro_de_particulas', 'supressao', 'fluxo']",2006,True
2662,Cu,Cu,62.4,GeV,sqrt_s_NN,BRAHMS,RHIC,BNL,"['multiplicidade', 'espectro_de_particulas', 'supressao', 'fluxo']",2006,True
2662,p,p,200,GeV,sqrt_s_NN,BRAHMS,RHIC,BNL,"['multiplicidade', 'espectro_de_particulas', 'supressao']",2006,True
2664,C,C,5.36,TeV,sqrt_s_NN,,LHC,CERN,['supressao'],2025,True
2664,Ne,Ne,5.36,TeV,sqrt_s_NN,,LHC,CERN,['supressao'],2025,True
2664,O,O,5.36,TeV,sqrt_s_NN,,LHC,CERN,['supressao'],2025,True
2668,p,p,,,nao_informado,ATLAS,LHC,CERN,['espectro_de_particulas'],2011,
2669,Au,Au,9.2,GeV,sqrt_s_NN,STAR,RHIC,BNL,"['fluxo', 'interferometria', 'producao_de_hadrons']",2009,True
2676,p,p,900,GeV,sqrt_s_NN,ALICE,LHC,CERN,['multiplicidade'],2023,True
2681,p,p,7,TeV,sqrt_s_NN,ALICE,LHC,CERN,"['propriedades_de_jatos', 'multiplicidade']",2013,True
2683,Au,Pb,11.6,GeV,energia_de_feixe,E864,Alternating Gradient Synchrotron,BNL,['estranheza'],1999,True
2686,p,p,,,nao_informado,ATLAS,LHC,CERN,['caracterizacao_de_detector'],2026,
2690,p,p,,,nao_informado,,LHC,CERN,['choque_espalhamento'],2020,
2691,d,,4,GeV,energia_de_feixe,BM@N,NICA-Nuclotron,JINR,['producao_de_hadrons'],2018,True
2692,p,p,,,nao_informado,,ISR,CERN,['choque_espalhamento'],2017,
2692,p,p,,,nao_informado,,LHC,CERN,['choque_espalhamento'],2017,
2695,p,p,,,nao_informado,ALICE,LHC,CERN,"['espectro_de_particulas', 'sondas_eletromagneticas']",2019,
2695,Pb,Pb,,,nao_informado,ALICE,LHC,CERN,"['espectro_de_particulas', 'sondas_eletromagneticas']",2019,
2695,p,Pb,,,nao_informado,ALICE,LHC,CERN,['espectro_de_particulas'],2019,
2696,p,p,7,TeV,sqrt_s_NN,ALICE,LHC,CERN,['quarkonia'],2014,True
2696,Pb,p,5.02,TeV,sqrt_s_NN,ALICE,LHC,CERN,['quarkonia'],2014,True
2696,Pb,Pb,2.76,TeV,sqrt_s_NN,ALICE,LHC,CERN,['quarkonia'],2014,True
2697,p,p,7,TeV,sqrt_s_NN,ALICE,LHC,CERN,"['quarkonia', 'choque_espalhamento']",2011,True
2697,Pb,Pb,2.76,TeV,sqrt_s_NN,ALICE,LHC,CERN,['quarkonia'],2011,True
2699,Pb,Pb,158,GeV,energia_de_feixe,NA49,,CERN,"['flutuacoes', 'multiplicidade', 'geometria_colisao']",2006,True
2702,Au,Au,200,GeV,sqrt_s_NN,,RHIC,BNL,"['sondas_eletromagneticas', 'choque_espalhamento']",2021,True
2702,p,p,200,GeV,sqrt_s_NN,,RHIC,BNL,"['sondas_eletromagneticas', 'choque_espalhamento']",2021,True
2710,Pb,p,,,nao_informado,ALICE,LHC,CERN,"['evento_subjacente', 'estranheza']",2021,
2710,p,p,,,nao_informado,ALICE,LHC,CERN,"['evento_subjacente', 'estranheza']",2021,
2717,Ni,Ni,,,nao_informado,,HIRFL-CSR,,"['fluxo', 'geometria_colisao']",2006,
2717,Pb,Pb,,,nao_informado,,HIRFL-CSR,,"['fluxo', 'geometria_colisao']",2006,
2717,Ni,Pb,,,nao_informado,,HIRFL-CSR,,"['fluxo', 'geometria_colisao']",2006,
2720,Au,Au,11.6,GeV,energia_de_feixe,E866,AGS,BNL,['espectro_de_particulas'],1999,True
2720,Pb,Pb,158,GeV,energia_de_feixe,NA44,SPS,CERN,['espectro_de_particulas'],1999,True
2733,p,p,,,nao_informado,COSY-11,COSY,,"['producao_de_hadrons', 'choque_espalhamento']",2004,
2734,p,p,,,nao_informado,,Tevatron,Fermilab,['choque_espalhamento'],1999,
2735,p,p,7,TeV,sqrt_s_NN,ALICE,,CERN,['correlacoes'],2016,True
2736,Au,Au,200,GeV,sqrt_s_NN,,RHIC,BNL,['correlacoes'],2016,True
2736,Pb,Pb,2.76,TeV,sqrt_s_NN,,LHC,CERN,['correlacoes'],2016,True
2736,Cu,Cu,200,GeV,sqrt_s_NN,,RHIC,BNL,['correlacoes'],2016,True
2743,Au,Au,,,nao_informado,,RHIC,BNL,"['estranheza', 'producao_de_hadrons']",2007,
2743,Pb,Pb,,,nao_informado,,SPS,CERN,"['estranheza', 'producao_de_hadrons']",2007,
2749,d,d,,,nao_informado,SPD,NICA,JINR,"['quarkonia', 'spin_e_polarizacao']",2025,
2749,p,p,,,nao_informado,SPD,NICA,JINR,"['quarkonia', 'spin_e_polarizacao']",2025,
2751,p,p,24,GeV,sqrt_s_NN,,RHIC,BNL,['spin_e_polarizacao'],2018,True
2751,p,p,255,GeV,sqrt_s_NN,,RHIC,BNL,['spin_e_polarizacao'],2018,True
2755,Au,Au,7.7,GeV,sqrt_s_NN,STAR,RHIC,BNL,"['correlacoes', 'fenomenos_quirais_magneticos']",2014,True
2755,Au,Au,11.5,GeV,sqrt_s_NN,STAR,RHIC,BNL,"['correlacoes', 'fenomenos_quirais_magneticos']",2014,True
2755,Au,Au,19.6,GeV,sqrt_s_NN,STAR,RHIC,BNL,"['correlacoes', 'fenomenos_quirais_magneticos']",2014,True
2755,Au,Au,27,GeV,sqrt_s_NN,STAR,RHIC,BNL,"['correlacoes', 'fenomenos_quirais_magneticos']",2014,True
2755,Au,Au,39,GeV,sqrt_s_NN,STAR,RHIC,BNL,"['correlacoes', 'fenomenos_quirais_magneticos']",2014,True
2755,Au,Au,62.4,GeV,sqrt_s_NN,STAR,RHIC,BNL,"['correlacoes', 'fenomenos_quirais_magneticos']",2014,True
2756,Pb,Pb,5.5,TeV,sqrt_s_NN,,LHC,CERN,"['quarkonia', 'geometria_colisao', 'choque_espalhamento']",2013,True
2757,Pb,Pb,2.76,TeV,sqrt_s_NN,ALICE,,CERN,"['espectro_de_particulas', 'fluxo', 'producao_de_hadrons']",2013,True
2768,p,p,,,nao_informado,ATLAS,LHC,CERN,['taxa_de_eventos'],2013,
2774,p,p,,,nao_informado,ATLAS,LHC,CERN,"['processos_fotons', 'choque_espalhamento']",2025,
2777,p,p,,,nao_informado,TOTEM,,CERN,['choque_espalhamento'],2020,
2777,p,p,,,nao_informado,TOTEM,,CERN,['choque_espalhamento'],2020,
2779,Au,Au,200,GeV,sqrt_s_NN,STAR,RHIC,BNL,"['quarkonia', 'correlacoes', 'supressao']",2015,True
2779,Au,d,,,nao_informado,STAR,RHIC,BNL,"['quarkonia', 'correlacoes']",2015,
2779,p,p,,,nao_informado,STAR,RHIC,BNL,"['quarkonia', 'correlacoes']",2015,
2781,Au,p,200,GeV,sqrt_s_NN,,RHIC,BNL,"['sondas_eletromagneticas', 'choque_espalhamento']",2011,True
2781,Au,Au,200,GeV,sqrt_s_NN,,RHIC,BNL,"['sondas_eletromagneticas', 'choque_espalhamento']",2011,True
2783,p,p,,,nao_informado,,LHC,CERN,"['quarkonia', 'choque_espalhamento']",2011,
2783,p,p,,,nao_informado,,Tevatron,Fermilab,"['quarkonia', 'choque_espalhamento']",2011,
2783,p,p,,,nao_informado,,RHIC,BNL,"['quarkonia', 'choque_espalhamento']",2011,
2785,Pb,Pb,158,GeV,energia_de_feixe,NA49,,CERN,"['flutuacoes', 'multiplicidade', 'fluxo']",2006,True
2786,Au,Au,19.6,GeV,sqrt_s_NN,PHOBOS,RHIC,BNL,"['multiplicidade', 'geometria_colisao']",2003,True
2786,Au,Au,130,GeV,sqrt_s_NN,PHOBOS,RHIC,BNL,"['multiplicidade', 'geometria_colisao']",2003,True
2786,Au,Au,200,GeV,sqrt_s_NN,PHOBOS,RHIC,BNL,"['multiplicidade', 'geometria_colisao']",2003,True
2787,Au,Au,,,nao_informado,PHENIX,,BNL,['interferometria'],2019,
2792,Au,Au,200,GeV,sqrt_s_NN,STAR,RHIC,BNL,"['fluxo', 'geometria_colisao', 'fenomenos_quirais_magneticos']",2013,True
2792,Au,Au,62.4,GeV,sqrt_s_NN,STAR,RHIC,BNL,"['fluxo', 'geometria_colisao', 'fenomenos_quirais_magneticos']",2013,True
2792,Au,Au,39,GeV,sqrt_s_NN,STAR,RHIC,BNL,"['fluxo', 'geometria_colisao', 'fenomenos_quirais_magneticos']",2013,True
2792,Au,Au,27,GeV,sqrt_s_NN,STAR,RHIC,BNL,"['fluxo', 'geometria_colisao', 'fenomenos_quirais_magneticos']",2013,True
2792,Au,Au,19.6,GeV,sqrt_s_NN,STAR,RHIC,BNL,"['fluxo', 'geometria_colisao', 'fenomenos_quirais_magneticos']",2013,True
2792,Au,Au,11.5,GeV,sqrt_s_NN,STAR,RHIC,BNL,"['fluxo', 'geometria_colisao', 'fenomenos_quirais_magneticos']",2013,True
2792,Au,Au,7.7,GeV,sqrt_s_NN,STAR,RHIC,BNL,"['fluxo', 'geometria_colisao', 'fenomenos_quirais_magneticos']",2013,True
2792,U,U,193,GeV,sqrt_s_NN,STAR,RHIC,BNL,"['fluxo', 'geometria_colisao', 'fenomenos_quirais_magneticos']",2013,True
2799,Pb,Pb,5.02,TeV,sqrt_s_NN,ALICE,,CERN,"['flutuacoes', 'geometria_colisao', 'correlacoes']",2023,True
2800,p,p,13,TeV,sqrt_s_NN,CMS,LHC,CERN,"['choque_espalhamento', 'quarkonia']",2016,True
2801,p,p,7,TeV,sqrt_s_NN,LHCb,,CERN,['quarkonia'],2015,True
2801,p,p,8,TeV,sqrt_s_NN,LHCb,,CERN,['quarkonia'],2015,True
2802,p,p,,,nao_informado,NA61/SHINE,SPS,CERN,"['producao_de_hadrons', 'espectro_de_particulas', 'multiplicidade']",2014,
2802,Pb,Pb,,,nao_informado,NA49,SPS,CERN,"['producao_de_hadrons', 'espectro_de_particulas', 'multiplicidade']",2014,
2803,p,p,,,nao_informado,,LHC,CERN,"['quarkonia', 'sondas_eletromagneticas', 'spin_e_polarizacao']",2014,
2804,p,p,7,TeV,sqrt_s_NN,ALICE,,CERN,['quarkonia'],2011,True
2806,Au,Au,200,GeV,sqrt_s_NN,PHENIX,RHIC,BNL,"['sondas_eletromagneticas', 'producao_de_hadrons']",2004,True
2809,Au,Au,,,nao_informado,,RHIC,BNL,"['fluxo', 'estrutura_nuclear']",2025,
2809,Ru,Ru,,,nao_informado,,RHIC,BNL,"['fluxo', 'estrutura_nuclear']",2025,
2809,U,U,,,nao_informado,,RHIC,BNL,"['fluxo', 'estrutura_nuclear']",2025,
2809,Zr,Zr,,,nao_informado,,RHIC,BNL,"['fluxo', 'estrutura_nuclear']",2025,
2811,p,p,,,nao_informado,,LHC,CERN,"['estranheza', 'antimateria_nucleos_leves', 'producao_de_hadrons']",2019,
2811,p,Pb,,,nao_informado,,LHC,CERN,"['estranheza', 'antimateria_nucleos_leves', 'producao_de_hadrons']",2019,
2811,Pb,Pb,,,nao_informado,,LHC,CERN,"['estranheza', 'antimateria_nucleos_leves', 'producao_de_hadrons']",2019,
2812,p,p,7,TeV,sqrt_s_NN,LHCb,LHC,CERN,['quarkonia'],2013,True
2820,Au,Au,19.6,GeV,sqrt_s_NN,PHOBOS,RHIC,BNL,"['multiplicidade', 'geometria_colisao']",2003,True
2820,Au,Au,130,GeV,sqrt_s_NN,PHOBOS,RHIC,BNL,"['multiplicidade', 'geometria_colisao']",2003,True
2820,Au,Au,200,GeV,sqrt_s_NN,PHOBOS,RHIC,BNL,"['multiplicidade', 'geometria_colisao']",2003,True
2822,p,p,,,nao_informado,CMS,LHC,CERN,"['quarkonia', 'supressao']",2002,
2827,Au,Au,200,GeV,sqrt_s_NN,PHENIX,,BNL,"['quarkonia', 'geometria_colisao']",2017,True
2828,U,U,193,GeV,sqrt_s_NN,STAR,RHIC,BNL,"['quarkonia', 'choque_espalhamento']",2016,True
2829,Pb,p,72,GeV,sqrt_s_NN,,LHC,CERN,['quarkonia'],2015,True
2829,Pb,Pb,72,GeV,sqrt_s_NN,,LHC,CERN,['quarkonia'],2015,True
2830,Pb,p,,,nao_informado,,LHC,CERN,"['choque_espalhamento', 'quarkonia', 'producao_de_bosons']",2014,
2830,Pb,Pb,,,nao_informado,,LHC,CERN,"['choque_espalhamento', 'quarkonia']",2014,
2835,Pb,Pb,158A,GeV/c,energia_de_feixe,WA98,,CERN,"['sondas_eletromagneticas', 'espectro_de_particulas']",2001,True
2835,An,S,200A,GeV/c,energia_de_feixe,WA80,,CERN,"['sondas_eletromagneticas', 'espectro_de_particulas']",2001,True
2838,Au,Au,,,nao_informado,,RHIC,BNL,['fluxo'],2021,
2839,Pb,Pb,,,nao_informado,ALICE,LHC,CERN,['antimateria_nucleos_leves'],2021,
2839,Pb,p,,,nao_informado,ALICE,LHC,CERN,['antimateria_nucleos_leves'],2021,
2839,p,p,,,nao_informado,ALICE,LHC,CERN,['antimateria_nucleos_leves'],2021,
2840,p,p,7,TeV,sqrt_s_NN,ALICE,LHC,CERN,"['multiplicidade', 'espectro_de_particulas']",2021,True
2840,p,p,5.02,TeV,sqrt_s_NN,ALICE,LHC,CERN,"['multiplicidade', 'espectro_de_particulas']",2021,True
2840,p,p,13,TeV,sqrt_s_NN,ALICE,LHC,CERN,"['multiplicidade', 'espectro_de_particulas']",2021,True
2849,Au,Au,65,GeV,energia_de_feixe,STAR,RHIC,BNL,['correlacoes'],2003,True
2849,Au,Au,100,GeV,energia_de_feixe,STAR,RHIC,BNL,['correlacoes'],2003,True
2850,p,p,500,GeV,sqrt_s_NN,,RHIC,BNL,['spin_e_polarizacao'],2003,True
2852,Pb,Pb,158,AGeV,energia_de_feixe,,SPS,CERN,"['producao_de_hadrons', 'espectro_de_particulas']",2001,True
2854,p,p,,,nao_informado,,LHC,CERN,['multiplicidade'],2025,
2856,Au,Au,,,nao_informado,,RHIC,BNL,"['espectro_de_particulas', 'fluxo']",2020,
2856,Pb,Pb,,,nao_informado,,LHC,CERN,"['espectro_de_particulas', 'fluxo']",2020,
2857,p,p,13,TeV,sqrt_s_NN,LHCf,LHC,CERN,"['sondas_eletromagneticas', 'neutrons_emissao_frontal']",2020,True
2857,Pb,p,8.1,TeV,sqrt_s_NN,LHCf,LHC,CERN,['espectro_de_particulas'],2020,True
2858,Pb,Pb,5:02,TeV,sqrt_s_NN,ALICE,LHC,CERN,['fluxo'],2017,True
2860,p,p,2.76,TeV,sqrt_s_NN,CMS,LHC,CERN,['sondas_eletromagneticas'],2013,True
2860,Pb,Pb,2.76,TeV,sqrt_s_NN,CMS,LHC,CERN,"['sondas_eletromagneticas', 'geometria_colisao']",2013,True
2862,p,p,,,nao_informado,PANDA,HESR,GSI,"['espectros_contendo_distribuicoes', 'correlacoes']",2009,
2863,Au,Au,200,AGeV,sqrt_s_NN,PHENIX,RHIC,BNL,['correlacoes'],2006,True
2867,p,p,,,nao_informado,,RHIC,BNL,['quarkonia'],2026,
2867,p,p,,,nao_informado,,LHC,CERN,['quarkonia'],2026,
2868,p,p,13.6,TeV,sqrt_s_NN,,LHC,CERN,['sondas_eletromagneticas'],2023,True
2877,Au,Au,62.4,GeV,sqrt_s_NN,BRAHMS,RHIC,BNL,"['espectro_de_particulas', 'producao_de_hadrons', 'geometria_colisao']",2006,True
2877,Au,Au,200,GeV,sqrt_s_NN,BRAHMS,RHIC,BNL,"['espectro_de_particulas', 'producao_de_hadrons', 'geometria_colisao', 'supressao']",2006,True
2877,Au,d,200,GeV,sqrt_s_NN,BRAHMS,RHIC,BNL,"['espectro_de_particulas', 'supressao', 'geometria_colisao']",2006,True
2880,Ar,Ni,52-95,MeV,energia_de_feixe,INDRA,,,"['espectro_de_particulas', 'flutuacoes']",1997,True
2885,Au,Au,7.7-200,GeV,sqrt_s_NN,STAR,RHIC,BNL,"['espectro_de_particulas', 'geometria_colisao', 'supressao']",2015,True
2886,p,p,7,TeV,sqrt_s_NN,ATLAS,LHC,CERN,['choque_espalhamento'],2013,True
2887,p,p,7,TeV,sqrt_s_NN,ALICE,LHC,CERN,['quarkonia'],2013,True
2887,p,p,2.76,TeV,sqrt_s_NN,ALICE,LHC,CERN,['quarkonia'],2013,True
2887,Pb,Pb,2.76,TeV,sqrt_s_NN,ALICE,LHC,CERN,['quarkonia'],2013,True
2891,Au,Pb,11.6,GeV/c,energia_de_feixe,E864,,,['exoticos'],1997,True
2892,C,Ta,4.2,GeV,sqrt_s_NN,,synchrophasotron,JINR,"['correlacoes', 'geometria_colisao']",1996,True
2899,p,p,,,nao_informado,ALICE,,CERN,"['espectro_de_particulas', 'multiplicidade', 'correlacoes']",2020,
2899,Pb,p,,,nao_informado,ALICE,,CERN,"['espectro_de_particulas', 'multiplicidade', 'correlacoes']",2020,
2899,Pb,Pb,,,nao_informado,ALICE,,CERN,"['espectro_de_particulas', 'multiplicidade', 'correlacoes']",2020,
2900,p,p,13,TeV,sqrt_s_NN,CMS,,CERN,['formas_de_evento'],2019,True
2901,Pb,Pb,5.02,TeV,sqrt_s_NN,ALICE,LHC,CERN,['fluxo'],2017,True
2902,p,p,,,nao_informado,,LHC,CERN,"['espectro_de_particulas', 'gluons_saturacao']",2015,
2903,Pb,Pb,,,nao_informado,,LHC,CERN,['multiplicidade'],2014,
2903,Pb,p,,,nao_informado,,LHC,CERN,['multiplicidade'],2014,
2903,p,p,,,nao_informado,,LHC,CERN,"['multiplicidade', 'choque_espalhamento']",2014,
2904,p,p,8,TeV,sqrt_s_NN,ATLAS,LHC,CERN,['luminosidade'],2014,True
2905,p,p,,,nao_informado,CDF II,Tevatron,Fermilab,['quarkonia'],2010,
2907,p,p,14,TeV,sqrt_s_NN,ATLAS,LHC,CERN,['espectro_de_particulas'],2006,True
2915,p,p,,,nao_informado,PHENIX,RHIC,BNL,['spin_e_polarizacao'],2025,
2917,p,p,,,nao_informado,"ALICE, CMS",LHC,CERN,"['multiplicidade', 'correlacoes']",2024,
2922,p,p,,,nao_informado,ALICE,LHC,CERN,"['espectro_de_particulas', 'producao_de_hadrons', 'supressao', 'geometria_colisao']",2017,
2922,p,Pb,,,nao_informado,ALICE,LHC,CERN,"['espectro_de_particulas', 'producao_de_hadrons', 'supressao', 'geometria_colisao']",2017,
2922,Pb,Pb,,,nao_informado,ALICE,LHC,CERN,"['espectro_de_particulas', 'producao_de_hadrons', 'supressao', 'geometria_colisao']",2017,
2923,Pb,Pb,,,nao_informado,,LHC,CERN,"['producao_de_bosons', 'geometria_colisao']",2016,
2923,p,p,,,nao_informado,,LHC,CERN,['producao_de_bosons'],2016,
2923,p,Pb,,,nao_informado,,LHC,CERN,['producao_de_bosons'],2016,
2928,p,p,7,TeV,sqrt_s_NN,CMS,LHC,CERN,['energia_transversa_faltante'],2011,True
2932,Pb,p,8.16,TeV,sqrt_s_NN,LHCb,LHC,CERN,"['producao_de_hadrons', 'choque_espalhamento']",2023,True
2936,Pb,Pb,158A,GeV,energia_de_feixe,NA49,,CERN,"['producao_de_hadrons', 'espectro_de_particulas']",2014,True
2936,p,p,,,nao_informado,NA49,,CERN,['producao_de_hadrons'],2014,
2941,p,p,,,nao_informado,ATLAS,LHC,CERN,['neutrons_emissao_frontal'],2025,
2942,p,p,13.6,TeV,sqrt_s_NN,FASER,LHC,CERN,['neutrinos'],2024,True
2943,p,p,,,nao_informado,ALICE,,CERN,"['correlacoes', 'espectro_de_particulas', 'choque_espalhamento']",2023,
2944,Pb,Pb,2.76,TeV,sqrt_s_NN,,LHC,CERN,"['correlacoes', 'geometria_colisao']",2020,True
2945,Au,Au,,,nao_informado,STAR,RHIC,BNL,"['flutuacoes', 'geometria_colisao']",2015,
2946,p,p,14,TeV,sqrt_s_NN,,LHC,CERN,"['quarkonia', 'correlacoes']",2011,True
2949,Au,d,,,nao_informado,,RHIC,BNL,"['geometria_colisao', 'espectro_de_particulas']",2007,
2949,Au,Au,19.6-200,GeV,sqrt_s_NN,,RHIC,BNL,"['geometria_colisao', 'espectro_de_particulas']",2007,True
2949,Pb,Pb,5.52,TeV,sqrt_s_NN,,LHC,CERN,['espectro_de_particulas'],2007,True
2956,p,p,,,sqrt_s_NN,,LHC,CERN,['producao_de_bosons'],2025,
2962,p,p,8,TeV,sqrt_s_NN,CMS,,CERN,"['espectro_de_particulas', 'choque_espalhamento']",2014,True
2964,Ca,Ca,,,nao_informado,,LHC,CERN,"['sondas_eletromagneticas', 'choque_espalhamento']",2002,
2970,Pb,p,5.02,TeV,sqrt_s_NN,LHCf,LHC,CERN,"['espectro_de_particulas', 'producao_de_hadrons']",2014,True
2971,p,p,,,nao_informado,CMS,LHC,CERN,"['correlacoes', 'fluxo']",2013,
2972,Pb,Pb,,,nao_informado,ATLAS,LHC,CERN,"['multiplicidade', 'fluxo', 'supressao', 'quarkonia']",2010,
2974,p,p,500,GeV,sqrt_s_NN,STAR,RHIC,BNL,"['spin_e_polarizacao', 'choque_espalhamento', 'producao_de_bosons']",2010,True
2975,Pb,Pb,,,nao_informado,ATLAS,LHC,CERN,"['supressao', 'sondas_eletromagneticas']",2008,
2982,p,p,546,GeV,sqrt_s_NN,UA5,CERN SPS,CERN,"['espectro_de_particulas', 'choque_espalhamento']",1994,True
2982,p,p,630,GeV,sqrt_s_NN,UA5,CERN SPS,CERN,"['espectro_de_particulas', 'choque_espalhamento']",1994,True
2982,p,p,900,GeV,sqrt_s_NN,UA5,CERN SPS,CERN,"['espectro_de_particulas', 'choque_espalhamento']",1994,True
2987,d,d,,,nao_informado,SPD,NICA,JINR,"['producao_de_hadrons', 'espectro_de_particulas']",2024,
2991,Pb,Pb,2.76,TeV,sqrt_s_NN,ALICE,,CERN,['producao_de_hadrons'],2014,True
2994,Au,Au,200,GeV,sqrt_s_NN,"PHENIX, STAR, PHOBOS, BRAHMS",RHIC,BNL,"['supressao', 'fluxo']",2009,True
2994,Au,D,200,GeV,sqrt_s_NN,"PHENIX, STAR, PHOBOS, BRAHMS",RHIC,BNL,"['supressao', 'fluxo']",2009,True
2996,Au,Au,200,GeV,sqrt_s_NN,PHENIX,RHIC,BNL,"['sondas_eletromagneticas', 'fluxo']",2008,True
2996,Au,Au,62.4,GeV,sqrt_s_NN,PHENIX,RHIC,BNL,['sondas_eletromagneticas'],2008,True
3001,p,p,,,nao_informado,ATLAS,LHC,CERN,"['processos_fotons', 'caracterizacao_de_detector']",2024,
3002,p,p,,,nao_informado,ATLAS,,CERN,['formas_de_evento'],2023,
3004,Au,Au,7.7,GeV,sqrt_s_NN,STAR,,BNL,['correlacoes'],2017,True
3004,Au,Au,11.5,GeV,sqrt_s_NN,STAR,,BNL,['correlacoes'],2017,True
3004,Au,Au,39,GeV,sqrt_s_NN,STAR,,BNL,['correlacoes'],2017,True
3004,Au,Au,62.4,GeV,sqrt_s_NN,STAR,,BNL,['correlacoes'],2017,True
3007,Au,Au,200,AGeV,sqrt_s_NN,PHENIX,RHIC,BNL,"['interferometria', 'espectro_de_particulas']",2006,True
3008,p,p,,,nao_informado,,RHIC,BNL,['spin_e_polarizacao'],2003,
3010,p,p,,,nao_informado,,Tevatron,Fermilab,['producao_de_jatos'],2002,
3013,Au,Au,19.6,GeV,sqrt_s_NN,STAR,,BNL,"['geometria_colisao', 'flutuacoes', 'fluxo', 'multiplicidade']",2023,True
3013,Au,Au,27.0,GeV,sqrt_s_NN,STAR,,BNL,"['geometria_colisao', 'flutuacoes', 'fluxo', 'multiplicidade']",2023,True
3020,Pb,Pb,158,GeV,energia_de_feixe,NA49,SPS,CERN,"['producao_de_hadrons', 'fluxo', 'espectros_contendo_distribuicoes']",2006,True
3020,Pb,Pb,30,GeV,energia_de_feixe,NA49,SPS,CERN,"['producao_de_hadrons', 'fluxo', 'flutuacoes']",2006,True
3021,Cu,Cu,,,nao_informado,PHOBOS,,,"['multiplicidade', 'flutuacoes', 'fluxo']",2006,
3023,A,d,,,nao_informado,,RHIC,BNL,"['espectro_de_particulas', 'supressao']",2003,
3023,p,p,,,nao_informado,,RHIC,BNL,['espectro_de_particulas'],2003,
3028,Au,Au,200,GeV,sqrt_s_NN,STAR,RHIC,BNL,"['quarkonia', 'supressao']",2020,True
3031,p,p,,,nao_informado,,LHC,CERN,"['espectros_contendo_distribuicoes', 'multiplicidade']",2013,
3032,Au,Au,200,AGeV,sqrt_s_NN,"PHENIX, STAR",RHIC,BNL,"['fluxo', 'correlacoes', 'espectro_de_particulas']",2011,True
3033,p,p,200,GeV,sqrt_s_NN,,RHIC,BNL,['espectro_de_particulas'],2008,True
3035,p,p,,,nao_informado,,LHC,CERN,"['choque_espalhamento', 'partons_pdfs', 'formas_de_evento']",2025,
3036,d,d,13.5,GeV,sqrt_s_NN,SPD,NICA,JINR,"['sondas_eletromagneticas', 'espectro_de_particulas']",2025,True
3036,d,d,27,GeV,sqrt_s_NN,SPD,NICA,JINR,"['sondas_eletromagneticas', 'espectro_de_particulas']",2025,True
3036,p,p,13.5,GeV,sqrt_s_NN,SPD,NICA,JINR,"['sondas_eletromagneticas', 'espectro_de_particulas']",2025,True
3036,p,p,27,GeV,sqrt_s_NN,SPD,NICA,JINR,"['sondas_eletromagneticas', 'espectro_de_particulas']",2025,True
3037,p,p,,,nao_informado,ALICE,LHC,CERN,"['antimateria_nucleos_leves', 'geometria_colisao']",2025,
3037,Pb,Pb,,,nao_informado,ALICE,LHC,CERN,"['antimateria_nucleos_leves', 'geometria_colisao']",2025,
3038,Pb,Pb,,,nao_informado,,LHC,CERN,"['supressao', 'fluxo', 'correlacoes']",2024,
3042,p,p,7,TeV,sqrt_s_NN,LHCb,LHC,CERN,"['quarkonia', 'choque_espalhamento']",2012,True
3044,p,p,200,GeV,sqrt_s_NN,STAR,RHIC,BNL,['producao_de_hadrons'],2005,True
3044,Au,d,200,GeV,sqrt_s_NN,STAR,RHIC,BNL,['producao_de_hadrons'],2005,True
3045,p,p,7,TeV,sqrt_s_NN,LHCf,LHC,CERN,"['neutrons_emissao_frontal', 'espectro_de_particulas']",2005,True
3060,p,p,27,TeV,sqrt_s_NN,,LHC,CERN,['higgs'],2020,True
3062,Au,d,,,nao_informado,PHENIX,RHIC,BNL,"['geometria_colisao', 'supressao']",2015,
3062,Pb,p,,,nao_informado,,LHC,CERN,"['geometria_colisao', 'supressao']",2015,
3068,p,p,13,TeV,sqrt_s_NN,MoEDAL,LHC,CERN,['exoticos'],2017,True
3068,p,p,8,TeV,sqrt_s_NN,MoEDAL,LHC,CERN,['exoticos'],2017,True
3069,p,p,7,TeV,sqrt_s_NN,ATLAS,,CERN,"['choque_espalhamento', 'producao_de_bosons']",2011,True
3071,p,p,14,TeV,sqrt_s_NN,,LHC,CERN,['exoticos'],2024,True
3071,Pb,Pb,5.5,TeV,sqrt_s_NN,,LHC,CERN,['exoticos'],2024,True
3072,Au,Au,200,GeV,sqrt_s_NN,STAR,RHIC,BNL,"['correlacoes', 'estranheza']",2020,True
3077,p,Pb,,,nao_informado,,LHC,CERN,['fluxo'],2016,
3081,Au,d,200,GeV,sqrt_s_NN,,RHIC,BNL,"['correlacoes', 'supressao']",2006,True
3081,p,p,200,GeV,sqrt_s_NN,,RHIC,BNL,"['correlacoes', 'supressao']",2006,True
3084,Bi,Bi,9.2,GeV,sqrt_s_NN,MPD,NICA,JINR,['pid'],2026,True
3085,C,C,,,nao_informado,(RB)-B-3,FAIR,GSI,['choque_espalhamento'],2025,
3087,p,p,,,nao_informado,,FCC-hh,CERN,['quarkonia'],2022,
3091,Au,Au,200,GeV,sqrt_s_NN,,RHIC,BNL,"['fluxo', 'flutuacoes']",2011,True
3091,Pb,Pb,2.76,TeV,sqrt_s_NN,,LHC,CERN,"['fluxo', 'flutuacoes']",2011,True
3092,p,p,800,GeV,nao_informado,E690,,Fermilab,['spin_e_polarizacao'],2009,True
3093,Au,Au,200,GeV,sqrt_s_NN,PHENIX,RHIC,BNL,"['espectro_de_particulas', 'fluxo']",2008,True
3093,Au,Au,200,GeV,sqrt_s_NN,STAR,RHIC,BNL,"['espectro_de_particulas', 'fluxo']",2008,True
3093,Au,Au,200,GeV,sqrt_s_NN,PHOBOS,RHIC,BNL,"['espectro_de_particulas', 'fluxo']",2008,True
3093,Au,Au,200,GeV,sqrt_s_NN,BRAHMS,RHIC,BNL,"['espectro_de_particulas', 'fluxo']",2008,True
3093,Au,D,200,GeV,sqrt_s_NN,PHENIX,RHIC,BNL,"['espectro_de_particulas', 'fluxo']",2008,True
3093,Au,D,200,GeV,sqrt_s_NN,STAR,RHIC,BNL,"['espectro_de_particulas', 'fluxo']",2008,True
3093,Au,D,200,GeV,sqrt_s_NN,PHOBOS,RHIC,BNL,"['espectro_de_particulas', 'fluxo']",2008,True
3093,Au,D,200,GeV,sqrt_s_NN,BRAHMS,RHIC,BNL,"['espectro_de_particulas', 'fluxo']",2008,True
3099,Au,Au,4,GeV,energia_de_feixe,BM@N,Nuclotron,Joint Institute for Nuclear Research,['geometria_colisao'],2016,True
3099,C,d,4,GeV,energia_de_feixe,BM@N,Nuclotron,Joint Institute for Nuclear Research,['geometria_colisao'],2016,True
3104,Au,Au,,,nao_informado,,RHIC,BNL,"['supressao', 'sondas_eletromagneticas', 'geometria_colisao']",2009,
3105,p,p,,,nao_informado,,Tevatron,Fermilab,"['multiplicidade', 'espectro_de_particulas', 'choque_espalhamento']",2007,
3105,p,p,,,nao_informado,,RHIC,BNL,"['multiplicidade', 'espectro_de_particulas', 'choque_espalhamento']",2007,
3106,Au,Au,,,nao_informado,,RHIC,BNL,"['supressao', 'espectro_de_particulas', 'fluxo']",2005,
3106,Au,d,,,nao_informado,,RHIC,BNL,"['supressao', 'espectro_de_particulas']",2005,
3109,Pb,Pb,5.02,TeV,sqrt_s_NN,ALICE,LHC,CERN,['quarkonia'],2025,True
3110,Pb,Pb,,,nao_informado,,LHC,CERN,"['fluxo', 'multiplicidade']",2024,
3112,p,p,200,GeV,sqrt_s_NN,STAR,RHIC,BNL,"['choque_espalhamento', 'spin_e_polarizacao']",2021,True
3112,p,p,510,GeV,sqrt_s_NN,STAR,RHIC,BNL,"['choque_espalhamento', 'spin_e_polarizacao']",2021,True
3116,Au,Au,11.5-200,GeV,sqrt_s_NN,STAR,,BNL,"['flutuacoes', 'geometria_colisao']",2014,True
3127,p,p,7,TeV,sqrt_s_NN,CMS,,CERN,"['propriedades_de_jatos', 'multiplicidade']",2023,True
3128,p,p,,,nao_informado,CMS,LHC,CERN,"['muons_eletrons', 'caracterizacao_de_detector']",2021,
3130,p,p,7,TeV,sqrt_s_NN,ALICE,,CERN,"['quarkonia', 'choque_espalhamento']",2010,True
3133,Pb,Pb,17.4,GeV,energia_de_feixe,WA98,,CERN,['sondas_eletromagneticas'],2001,True
3135,p,p,,,nao_informado,LHCb,,CERN,"['quarkonia', 'choque_espalhamento']",2024,
3135,p,Pb,,,nao_informado,ALICE,,CERN,"['quarkonia', 'choque_espalhamento']",2024,
3136,Pb,Pb,,,nao_informado,ALICE,,CERN,"['quarkonia', 'spin_e_polarizacao', 'choque_espalhamento']",2024,
3141,p,p,,,nao_informado,,ISR,CERN,['choque_espalhamento'],2019,
3141,p,p,,,nao_informado,,LHC,CERN,['choque_espalhamento'],2019,
3142,Pb,Pb,,,nao_informado,,LHC,CERN,"['choque_espalhamento', 'quarkonia', 'producao_de_hadrons']",2017,
3142,p,p,,,nao_informado,,LHC,CERN,"['choque_espalhamento', 'quarkonia', 'producao_de_hadrons']",2017,
3144,p,p,7,TeV,sqrt_s_NN,ALICE,LHC,CERN,"['quarkonia', 'choque_espalhamento']",2012,True
3144,p,p,2.76,TeV,sqrt_s_NN,ALICE,LHC,CERN,"['quarkonia', 'choque_espalhamento']",2012,True
3144,Pb,Pb,2.76,TeV,sqrt_s_NN,ALICE,LHC,CERN,['quarkonia'],2012,True
3145,Au,Au,7.7,GeV,sqrt_s_NN,STAR,RHIC,BNL,"['fluxo', 'espectro_de_particulas']",2012,True
3145,Au,Au,11.5,GeV,sqrt_s_NN,STAR,RHIC,BNL,"['fluxo', 'espectro_de_particulas']",2012,True
3145,Au,Au,39,GeV,sqrt_s_NN,STAR,RHIC,BNL,"['fluxo', 'espectro_de_particulas']",2012,True
3149,Au,p,14.6,GeV,energia_de_feixe,E802,,BNL,"['espectro_de_particulas', 'producao_de_hadrons']",1991,True
3149,Au,Si,14.6,GeV,energia_de_feixe,E802,,BNL,"['espectro_de_particulas', 'producao_de_hadrons']",1991,True
3149,Be,p,14.6,GeV,energia_de_feixe,E802,,BNL,"['espectro_de_particulas', 'producao_de_hadrons']",1991,True
3151,Pb,Pb,5.02,TeV,sqrt_s_NN,,LHC,CERN,"['quarkonia', 'geometria_colisao']",2024,True
3151,p,p,,,nao_informado,,LHC,CERN,['choque_espalhamento'],2024,
3152,Pb,p,,,nao_informado,ALICE,,CERN,"['producao_de_hadrons', 'multiplicidade']",2020,
3152,p,p,13,TeV,sqrt_s_NN,ALICE,,CERN,"['producao_de_hadrons', 'multiplicidade']",2020,True
3154,p,p,7,TeV,sqrt_s_NN,ATLAS,LHC,CERN,['quarkonia'],2012,True
3162,p,p,,,nao_informado,ALICE,,CERN,['producao_de_hadrons'],2023,
3162,Pb,p,,,nao_informado,ALICE,,CERN,['producao_de_hadrons'],2023,
3162,Xe,Xe,,,nao_informado,ALICE,,CERN,['producao_de_hadrons'],2023,
3162,Pb,Pb,,,nao_informado,ALICE,,CERN,['producao_de_hadrons'],2023,
3163,p,p,14,TeV,sqrt_s_NN,,LHC,CERN,['espectro_de_particulas'],2021,True
3163,p,p,27,TeV,sqrt_s_NN,,HE-LHC,,['espectro_de_particulas'],2021,True
3163,p,p,100,TeV,sqrt_s_NN,,FCC-hh,,['espectro_de_particulas'],2021,True
3164,p,p,8,TeV,sqrt_s_NN,ALICE,LHC,CERN,['multiplicidade'],2021,True
3164,p,p,7,TeV,sqrt_s_NN,ALICE,LHC,CERN,['multiplicidade'],2021,True
3164,p,p,2.76,TeV,sqrt_s_NN,ALICE,LHC,CERN,['multiplicidade'],2021,True
3166,p,p,,,nao_informado,,RHIC,BNL,"['spin_e_polarizacao', 'producao_de_hadrons']",2016,
3168,Pb,Pb,2.76,TeV,sqrt_s_NN,ALICE,LHC,CERN,['quarkonia'],2015,True
3169,p,p,7,TeV,sqrt_s_NN,ATLAS,LHC,CERN,"['choque_espalhamento', 'producao_de_jatos', 'producao_de_bosons', 'sondas_eletromagneticas']",2015,True
3169,p,p,8,TeV,sqrt_s_NN,ATLAS,LHC,CERN,"['choque_espalhamento', 'producao_de_jatos', 'producao_de_bosons', 'sondas_eletromagneticas']",2015,True
3170,p,p,7,TeV,sqrt_s_NN,ALICE,LHC,CERN,"['quarkonia', 'choque_espalhamento']",2011,True
3172,p,S,200,GeV,energia_de_feixe,,,CERN,['producao_de_hadrons'],2000,True
3172,S,S,200,GeV,energia_de_feixe,,,CERN,['producao_de_hadrons'],2000,True
3174,Au,Au,1.0,GeV,energia_de_feixe,KaoS,,,"['espectro_de_particulas', 'producao_de_hadrons']",1994,True
3175,Pb,Pb,,,nao_informado,,SPS,CERN,"['quarkonia', 'correlacoes']",2025,
3179,Pb,Pb,5.02,TeV,sqrt_s_NN,ALICE,LHC,CERN,"['quarkonia', 'fluxo']",2021,True
3180,p,p,,,nao_informado,,LHC,CERN,"['quarkonia', 'choque_espalhamento']",2019,
3183,p,p,7,TeV,sqrt_s_NN,ATLAS,LHC,CERN,['quarkonia'],2013,True
3185,p,p,,,nao_informado,,RHIC,BNL,"['choque_espalhamento', 'producao_de_hadrons', 'geometria_colisao']",2009,
3188,Pb,Pb,,,nao_informado,ALICE,,CERN,"['quarkonia', 'fluxo']",2016,
3189,p,p,,,nao_informado,ALICE,LHC,CERN,['choque_espalhamento'],2013,
3193,p,p,7,TeV,sqrt_s_NN,,LHC,CERN,"['leis_de_conservacao', 'taxa_de_eventos']",2026,True
3193,W,Xe,,,nao_informado,,LHC,CERN,"['leis_de_conservacao', 'taxa_de_eventos']",2026,
3194,p,p,8,TeV,sqrt_s_NN,ATLAS,LHC,CERN,"['espectro_de_particulas', 'reconstrucao_de_jatos']",2018,True
3202,Pb,Pb,5.02,TeV,sqrt_s_NN,ATLAS,LHC,CERN,"['flutuacoes', 'geometria_colisao']",2024,True
3202,Xe,Xe,5.44,TeV,sqrt_s_NN,ATLAS,LHC,CERN,"['flutuacoes', 'geometria_colisao']",2024,True
3205,Pb,p,,,nao_informado,,LHC,CERN,['sondas_eletromagneticas'],2019,
3207,p,p,,,nao_informado,ALICE,LHC,CERN,['producao_de_hadrons'],2018,
3207,Pb,p,,,nao_informado,ALICE,LHC,CERN,['producao_de_hadrons'],2018,
3207,Pb,Pb,2.76,TeV,sqrt_s_NN,ALICE,LHC,CERN,"['producao_de_hadrons', 'geometria_colisao']",2018,True
3209,p,Pb,5.02,TeV,sqrt_s_NN,ALICE,,CERN,"['quarkonia', 'correlacoes']",2016,True
3209,Pb,Pb,2.76,TeV,sqrt_s_NN,ALICE,,CERN,"['supressao', 'quarkonia']",2016,True
3210,p,p,1.96,TeV,sqrt_s_NN,DO,Tevatron,Fermilab,"['formas_de_evento', 'top_quark']",2016,True
3212,Au,Au,,,nao_informado,STAR,RHIC,BNL,"['quarkonia', 'geometria_colisao']",2011,
3212,p,p,200,GeV,sqrt_s_NN,STAR,RHIC,BNL,"['quarkonia', 'correlacoes']",2011,True
3213,p,p,1.96,TeV,sqrt_s_NN,,TEVATRON,Fermilab,"['quarkonia', 'choque_espalhamento']",2006,True
3213,p,p,14,TeV,sqrt_s_NN,,LHC,CERN,"['quarkonia', 'choque_espalhamento']",2006,True
3215,Au,Au,200A,GeV,sqrt_s_NN,,RHIC,BNL,"['correlacoes', 'espectro_de_particulas']",1999,True
3217,S,S,200,GeV,energia_de_feixe,NA35/NA49,SPS,CERN,"['espectro_de_particulas', 'interferometria']",1996,True
3217,Pb,Pb,160,GeV,energia_de_feixe,NA35/NA49,SPS,CERN,"['espectro_de_particulas', 'interferometria']",1996,True
3218,p,p,,,nao_informado,ALICE,LHC,CERN,"['espectro_de_particulas', 'sondas_eletromagneticas']",2025,
3218,Pb,p,,,nao_informado,ALICE,LHC,CERN,"['espectro_de_particulas', 'sondas_eletromagneticas']",2025,
3218,Pb,Pb,,,nao_informado,ALICE,LHC,CERN,"['espectro_de_particulas', 'sondas_eletromagneticas']",2025,
3220,p,p,5.02,TeV,sqrt_s_NN,ALICE,,CERN,"['antimateria_nucleos_leves', 'multiplicidade']",2022,True
3220,p,p,,,nao_informado,ALICE,,CERN,['antimateria_nucleos_leves'],2022,
3220,Pb,p,,,nao_informado,ALICE,,CERN,['antimateria_nucleos_leves'],2022,
3221,p,p,,,nao_informado,,LHC,CERN,['correlacoes'],2022,
3222,p,p,13,TeV,sqrt_s_NN,CMS,LHC,CERN,"['choque_espalhamento', 'producao_de_hadrons', 'espectro_de_particulas']",2017,True
3223,p,p,7,TeV,sqrt_s_NN,CMS,LHC,CERN,"['choque_espalhamento', 'multiplicidade']",2011,True
3226,p,p,,,nao_informado,,LHC,CERN,['producao_de_bosons'],2006,
3230,p,p,30,GeV,sqrt_s_NN,PANDA,HESR,FAIR,"['quarkonia', 'sondas_eletromagneticas', 'correlacoes', 'qgp']",2020,True
3231,p,p,13,TeV,sqrt_s_NN,LHCf,LHC,CERN,['espectro_de_particulas'],2019,True
3232,p,p,200,GeV,sqrt_s_NN,STAR,RHIC,BNL,"['spin_e_polarizacao', 'producao_de_jatos']",2014,True
3232,p,p,500,GeV,sqrt_s_NN,STAR,RHIC,BNL,"['spin_e_polarizacao', 'producao_de_jatos']",2014,True
3233,p,p,,,nao_informado,LHC,LHC,CERN,['choque_espalhamento'],2013,
3233,p,p,,,nao_informado,HiRes,,,['choque_espalhamento'],2013,
3235,p,p,1.96,TeV,sqrt_s_NN,CDF II,,Fermilab,"['choque_espalhamento', 'sondas_eletromagneticas']",2008,True
3241,p,p,7,TeV,sqrt_s_NN,CMS,LHC,CERN,['choque_espalhamento'],2013,True
3241,p,p,8,TeV,sqrt_s_NN,CMS,LHC,CERN,['choque_espalhamento'],2013,True
3242,Pb,Pb,2.76,TeV,sqrt_s_NN,ALICE,LHC,CERN,"['espectro_de_particulas', 'fluxo', 'quarkonia']",2012,True
3242,p,p,2.76,TeV,sqrt_s_NN,ALICE,LHC,CERN,['espectro_de_particulas'],2012,True
3243,p,p,,,nao_informado,ATLAS,LHC,CERN,['taxa_de_eventos'],2007,
3244,p,Pb,,,nao_informado,,LHC,CERN,['fluxo'],2026,
3244,p,p,,,nao_informado,,LHC,CERN,['fluxo'],2026,
3246,Au,Au,200,GeV,sqrt_s_NN,STAR,RHIC,BNL,['interferometria'],2023,True
3249,Au,Au,200,GeV,energia_de_feixe,,RHIC,BNL,"['correlacoes', 'supressao']",2017,True
3252,p,p,8,TeV,sqrt_s_NN,CMS,LHC,CERN,['sondas_eletromagneticas'],2015,True
3256,p,p,,,nao_informado,CDF,,Fermilab,"['producao_de_jatos', 'correlacoes', 'choque_espalhamento']",2005,
3256,A,p,,,nao_informado,CDF,,Fermilab,"['producao_de_jatos', 'correlacoes', 'choque_espalhamento']",2005,
3256,A,d,,,nao_informado,CDF,,Fermilab,"['producao_de_jatos', 'correlacoes', 'choque_espalhamento']",2005,
3257,Pb,Pb,158,GeV,energia_de_feixe,EMU13,,CERN,['fragmentacao_hadronizacao'],1998,True
3258,p,p,1.8,TeV,sqrt_s_NN,,Tevatron,Fermilab,"['choque_espalhamento', 'quarkonia', 'spin_e_polarizacao']",1997,True
3258,p,p,2.0,TeV,sqrt_s_NN,,Tevatron,Fermilab,"['choque_espalhamento', 'quarkonia', 'spin_e_polarizacao']",1997,True
3261,p,Pb,5.02,TeV,sqrt_s_NN,,LHC,CERN,['producao_de_bosons'],2016,True
3261,Pb,Pb,2.76,TeV,sqrt_s_NN,,LHC,CERN,"['producao_de_bosons', 'geometria_colisao']",2016,True
3261,p,p,2.76,TeV,sqrt_s_NN,,LHC,CERN,['producao_de_bosons'],2016,True
3263,p,p,14,TeV,sqrt_s_NN,,LHC,CERN,['choque_espalhamento'],2016,True
3265,p,p,900,GeV,sqrt_s_NN,LHCf,LHC,CERN,['espectro_de_particulas'],2009,True
3265,p,p,14,TeV,sqrt_s_NN,LHCf,LHC,CERN,['espectro_de_particulas'],2009,True
3267,p,p,,,nao_informado,e690,,Fermilab,['spin_e_polarizacao'],2006,
3267,p,p,,,nao_informado,e766,,BNL,['spin_e_polarizacao'],2006,
3269,Pb,p,,,nao_informado,CMS,,CERN,"['fluxo', 'correlacoes', 'geometria_colisao']",2023,
3269,Pb,Pb,,,nao_informado,CMS,,CERN,"['fluxo', 'correlacoes', 'geometria_colisao']",2023,
3272,Pb,Pb,,,nao_informado,ATLAS,,CERN,['producao_de_bosons'],2016,
3272,Pb,p,,,nao_informado,ATLAS,,CERN,['producao_de_bosons'],2016,
3273,p,p,,,nao_informado,CMS,LHC,CERN,"['espectro_de_particulas', 'multiplicidade']",2013,
3273,p,,,,nao_informado,CMS,LHC,CERN,"['espectro_de_particulas', 'multiplicidade']",2013,
3276,p,p,,,nao_informado,,RHIC,BNL,['quarkonia'],2010,
3278,p,p,,,nao_informado,,RHIC,BNL,"['producao_de_hadrons', 'choque_espalhamento']",2007,
3279,p,p,200,GeV,sqrt_s_NN,,RHIC,BNL,"['spin_e_polarizacao', 'sondas_eletromagneticas']",2006,True
3280,Au,Au,200,GeV,sqrt_s_NN,BRAHMS,RHIC,BNL,"['espectro_de_particulas', 'supressao', 'geometria_colisao']",2003,True
3280,Au,d,200,GeV,sqrt_s_NN,BRAHMS,RHIC,BNL,"['espectro_de_particulas', 'supressao']",2003,True
3280,p,p,200,GeV,sqrt_s_NN,BRAHMS,RHIC,BNL,['espectro_de_particulas'],2003,True
3285,p,p,,,nao_informado,LHCb,,CERN,['pid'],2019,
3286,p,p,13,TeV,sqrt_s_NN,CMS,LHC,CERN,['espectro_de_particulas'],2017,True
3291,Au,S,,,nao_informado,,SPS,CERN,"['multiplicidade', 'fluxo']",1996,
3291,Pb,Pb,,,nao_informado,,SPS,CERN,"['multiplicidade', 'fluxo']",1996,
3293,p,p,900,GeV,sqrt_s_NN,,ISR,CERN,"['multiplicidade', 'correlacoes', 'espectro_de_particulas']",1993,True
3293,p,p,1800,GeV,sqrt_s_NN,,ISR,CERN,"['multiplicidade', 'correlacoes', 'espectro_de_particulas']",1993,True
3293,p,p,10000,GeV,sqrt_s_NN,,ISR,CERN,"['multiplicidade', 'correlacoes', 'espectro_de_particulas']",1993,False
3296,p,p,13,TeV,sqrt_s_NN,CMS,LHC,CERN,['pid'],2019,True
3300,p,p,7,TeV,sqrt_s_NN,ALICE,,CERN,['quarkonia'],2011,True
3301,Au,Au,200,GeV,sqrt_s_NN,,RHIC,BNL,"['espectro_de_particulas', 'fluxo', 'interferometria']",2006,True
3306,p,p,13,TeV,sqrt_s_NN,ALICE,LHC,CERN,['antimateria_nucleos_leves'],2024,True
3312,p,p,5.02,TeV,sqrt_s_NN,ALICE,LHC,CERN,"['espectro_de_particulas', 'supressao', 'geometria_colisao']",2017,True
3312,Pb,Pb,5.02,TeV,sqrt_s_NN,ALICE,LHC,CERN,"['espectro_de_particulas', 'supressao', 'geometria_colisao']",2017,True
3313,Au,Au,200,GeV,sqrt_s_NN,PHOBOS,RHIC,BNL,"['espectro_de_particulas', 'geometria_colisao']",2013,True
3313,Au,Au,130,GeV,sqrt_s_NN,PHOBOS,RHIC,BNL,"['espectro_de_particulas', 'geometria_colisao']",2013,True
3313,Au,Au,62.4,GeV,sqrt_s_NN,PHOBOS,RHIC,BNL,"['espectro_de_particulas', 'geometria_colisao']",2013,True
3314,p,p,,,nao_informado,CMS,LHC,CERN,['sondas_eletromagneticas'],2012,
3319,12C,12C,11,GeV,sqrt_s_NN,SPD,NICA,JINR,"['multiplicidade', 'geometria_colisao', 'correlacoes']",2026,True
3319,40Ca,40Ca,11,GeV,sqrt_s_NN,SPD,NICA,JINR,"['multiplicidade', 'geometria_colisao', 'correlacoes']",2026,True
3325,Au,Au,,,nao_informado,,RHIC,BNL,"['fluxo', 'geometria_colisao']",2014,
3326,p,p,,,nao_informado,,RHIC,BNL,['quarkonia'],2011,
3326,p,p,,,nao_informado,,Tevatron,Fermilab,['quarkonia'],2011,
3326,p,p,,,nao_informado,,LHC,CERN,['quarkonia'],2011,
3331,Pb,Pb,,,nao_informado,CMS,LHC,CERN,"['correlacoes', 'multiplicidade']",2023,
3331,p,p,,,nao_informado,CMS,LHC,CERN,"['correlacoes', 'multiplicidade']",2023,
3336,Pb,Pb,5.02,TeV,sqrt_s_NN,ALICE,LHC,CERN,['quarkonia'],2017,True
3336,Pb,Pb,2.76,TeV,sqrt_s_NN,ALICE,LHC,CERN,['quarkonia'],2017,True
3336,Pb,p,5.02,TeV,sqrt_s_NN,ALICE,LHC,CERN,['quarkonia'],2017,True
3337,p,p,,,nao_informado,,LHC,CERN,"['fluxo', 'espectro_de_particulas']",2016,
3338,Pb,Pb,5.02,TeV,sqrt_s_NN,,LHC,CERN,"['quarkonia', 'fluxo', 'supressao']",2016,True
3339,p,p,,,sqrt_s_NN,ALICE,LHC,CERN,"['sondas_eletromagneticas', 'estranheza']",2016,
3339,p,Pb,,,sqrt_s_NN,ALICE,LHC,CERN,"['sondas_eletromagneticas', 'estranheza']",2016,
3339,Pb,Pb,,,sqrt_s_NN,ALICE,LHC,CERN,"['sondas_eletromagneticas', 'estranheza']",2016,
3340,Pb,Pb,,,nao_informado,,LHC,CERN,"['correlacoes', 'geometria_colisao']",2014,
3341,p,p,,,nao_informado,LHCb,LHC,CERN,"['quarkonia', 'choque_espalhamento']",2013,
3345,Au,Au,,,nao_informado,,RHIC,BNL,"['supressao', 'quarkonia', 'geometria_colisao']",2007,
3347,Au,Pb,158,GeV,energia_de_feixe,,SPS,CERN,"['sondas_eletromagneticas', 'espectro_de_particulas', 'geometria_colisao']",2002,True
3347,Pb,Pb,158,GeV,energia_de_feixe,,SPS,CERN,"['sondas_eletromagneticas', 'espectro_de_particulas', 'geometria_colisao']",2002,True
3348,Au,p,4.9,GeV,energia_de_feixe,Plastic-Ball,BEVALAC,,"['espectro_de_particulas', 'correlacoes']",1996,True
3351,p,p,13,TeV,sqrt_s_NN,ATLAS,LHC,CERN,['fluxo'],2024,True
3351,Xe,Xe,5.44,TeV,sqrt_s_NN,ATLAS,LHC,CERN,"['fluxo', 'correlacoes']",2024,True
3351,p,p,5,TeV,sqrt_s_NN,ATLAS,LHC,CERN,"['fluxo', 'correlacoes']",2024,True
3351,Pb,Pb,5,TeV,sqrt_s_NN,ATLAS,LHC,CERN,"['fluxo', 'flutuacoes']",2024,True
3358,Pb,Pb,2.76,TeV,sqrt_s_NN,ALICE,,CERN,"['estranheza', 'geometria_colisao', 'espectro_de_particulas']",2018,True
3359,p,p,,,nao_informado,MATHUSLA,LHC,CERN,"['exoticos', 'decaimento_de_particulas']",2018,
3360,p,p,,,nao_informado,ALICE,,CERN,"['fluxo', 'espectro_de_particulas']",2016,
3361,Pb,Pb,2.76,TeV,sqrt_s_NN,CMS,LHC,CERN,"['fluxo', 'geometria_colisao', 'espectro_de_particulas']",2014,True
3362,Au,Au,200,GeV,sqrt_s_NN,STAR,RHIC,BNL,"['supressao', 'quarkonia']",2014,True
3362,Au,d,,,nao_informado,STAR,RHIC,BNL,"['supressao', 'quarkonia']",2014,
3362,p,p,,,nao_informado,STAR,RHIC,BNL,"['supressao', 'quarkonia']",2014,
3363,p,p,,,nao_informado,,LHC,CERN,"['producao_de_hadrons', 'choque_espalhamento']",2013,
3364,p,p,500,GeV,sqrt_s_NN,STAR,RHIC,BNL,"['spin_e_polarizacao', 'choque_espalhamento']",2012,True
3366,Au,Au,60-200,GeV,sqrt_s_NN,,RHIC,BNL,"['fluxo', 'choque_espalhamento']",2010,True
3376,p,p,13,TeV,sqrt_s_NN,ATLAS,,CERN,['sondas_eletromagneticas'],2022,True
3377,p,p,5.02,TeV,sqrt_s_NN,ALICE,LHC,CERN,['antimateria_nucleos_leves'],2020,True
3377,p,p,13,TeV,sqrt_s_NN,ALICE,LHC,CERN,['antimateria_nucleos_leves'],2020,True
3377,p,Pb,5.02,TeV,sqrt_s_NN,ALICE,LHC,CERN,['antimateria_nucleos_leves'],2020,True
3377,p,Pb,13,TeV,sqrt_s_NN,ALICE,LHC,CERN,['antimateria_nucleos_leves'],2020,True
3377,Pb,Pb,5.02,TeV,sqrt_s_NN,ALICE,LHC,CERN,['antimateria_nucleos_leves'],2020,True
3377,Pb,Pb,13,TeV,sqrt_s_NN,ALICE,LHC,CERN,['antimateria_nucleos_leves'],2020,True
3380,p,p,13,TeV,sqrt_s_NN,,LHC,CERN,"['choque_espalhamento', 'sondas_eletromagneticas']",2015,True
3380,p,p,14,TeV,sqrt_s_NN,,LHC,CERN,"['choque_espalhamento', 'sondas_eletromagneticas']",2015,True
3381,p,p,,,nao_informado,,LHC,CERN,"['quarkonia', 'multiplicidade']",2012,
3381,p,Pb,,,nao_informado,,LHC,CERN,['quarkonia'],2012,
3382,p,p,,,nao_informado,STAR,RHIC,BNL,"['supressao', 'espectro_de_particulas', 'choque_espalhamento']",2012,
3382,p,p,,,nao_informado,CDF,Tevatron,Fermilab,"['supressao', 'espectro_de_particulas', 'choque_espalhamento']",2012,
3382,p,p,,,nao_informado,CMS,LHC,CERN,"['supressao', 'espectro_de_particulas', 'choque_espalhamento']",2012,
3388,Pb,Pb,,,nao_informado,NA50,,CERN,['quarkonia'],2001,
3388,Pb,Pb,,,nao_informado,WA97,,CERN,['estranheza'],2001,
3389,p,p,,,nao_informado,ALICE,LHC,CERN,"['correlacoes', 'antimateria_nucleos_leves']",2025,
3390,p,p,13,TeV,sqrt_s_NN,ATLAS,,CERN,['choque_espalhamento'],2025,True
3392,C,Pb,,,nao_informado,IS619,HIE-ISOLDE,CERN,['choque_espalhamento'],2020,
3393,p,p,13,TeV,sqrt_s_NN,,LHC,CERN,"['espectro_de_particulas', 'producao_de_hadrons']",2019,True
3397,p,p,,,nao_informado,,LHC,CERN,"['multiplicidade', 'sondas_eletromagneticas', 'antimateria_nucleos_leves']",2009,
3398,p,p,14,TeV,sqrt_s_NN,CMS,LHC,CERN,"['acelerador_e_feixe', 'radiacao']",2009,True
3401,Au,Au,200,GeV,sqrt_s_NN,,RHIC,BNL,"['supressao', 'multiplicidade']",1991,True
3411,p,p,14,TeV,sqrt_s_NN,,LHC,CERN,"['producao_de_bosons', 'nova_fisica']",2006,True
3419,Pb,Pb,2.76,TeV,sqrt_s_NN,,LHC,CERN,['hidrodinamica_transporte'],2023,True
3421,p,p,52.8,GeV,sqrt_s_NN,,ISR,CERN,['choque_espalhamento'],2020,True
3421,p,p,8,TeV,sqrt_s_NN,,LHC,CERN,['choque_espalhamento'],2020,True
3427,p,p,8,TeV,sqrt_s_NN,ATLAS,LHC,CERN,['choque_espalhamento'],2015,True
3436,Au,d,200,GeV,sqrt_s_NN,STAR,RHIC,BNL,"['correlacoes', 'espectro_de_particulas']",2009,True
3436,Au,Au,200,GeV,sqrt_s_NN,STAR,RHIC,BNL,"['correlacoes', 'espectro_de_particulas']",2009,True
3437,Au,Au,,,nao_informado,,RHIC,BNL,['supressao'],2007,
3440,p,p,2.76,TeV,sqrt_s_NN,ALICE,LHC,CERN,"['espectro_de_particulas', 'quarkonia']",2025,True
3440,p,p,13,TeV,sqrt_s_NN,ALICE,LHC,CERN,"['espectro_de_particulas', 'quarkonia']",2025,True
3440,Pb,p,2.76,TeV,sqrt_s_NN,ALICE,LHC,CERN,"['espectro_de_particulas', 'quarkonia']",2025,True
3440,Pb,p,13,TeV,sqrt_s_NN,ALICE,LHC,CERN,"['espectro_de_particulas', 'quarkonia']",2025,True
3440,Pb,Pb,2.76,TeV,sqrt_s_NN,ALICE,LHC,CERN,"['espectro_de_particulas', 'quarkonia']",2025,True
3440,Pb,Pb,13,TeV,sqrt_s_NN,ALICE,LHC,CERN,"['espectro_de_particulas', 'quarkonia']",2025,True
3443,p,p,,,nao_informado,ATLAS,LHC,CERN,"['choque_espalhamento', 'espectro_de_particulas']",2023,
3444,p,p,,,nao_informado,ALICE,LHC,CERN,"['espectro_de_particulas', 'fluxo', 'producao_de_hadrons']",2022,
3449,p,p,7,TeV,sqrt_s_NN,ATLAS,LHC,CERN,"['choque_espalhamento', 'quarkonia']",2012,True
3453,Au,Au,27,GeV,sqrt_s_NN,,RHIC,BNL,"['flutuacoes', 'geometria_colisao']",2021,True
3453,Au,Au,54.4,GeV,sqrt_s_NN,,RHIC,BNL,"['flutuacoes', 'geometria_colisao']",2021,True
3453,Au,Au,200,GeV,sqrt_s_NN,,RHIC,BNL,"['flutuacoes', 'geometria_colisao']",2021,True
3454,Pb,Pb,2.76,TeV,sqrt_s_NN,CMS,,CERN,"['fluxo', 'geometria_colisao']",2020,True
3454,Pb,Pb,5.02,TeV,sqrt_s_NN,CMS,,CERN,"['fluxo', 'geometria_colisao']",2020,True
3456,Pb,Pb,5.1,TeV,sqrt_s_NN,,LHC,CERN,"['supressao', 'quarkonia']",2015,True
3457,Au,Au,,,nao_informado,STAR,,BNL,"['estranheza', 'fluxo', 'supressao']",2010,
3457,Au,d,,,nao_informado,STAR,,BNL,"['estranheza', 'fluxo', 'supressao']",2010,
3458,Pb,Pb,,,nao_informado,NA50,,CERN,"['quarkonia', 'estranheza', 'geometria_colisao']",2001,
3470,p,p,200,GeV,sqrt_s_NN,PHENIX,,BNL,['quarkonia'],2017,True
3470,Al,p,200,GeV,sqrt_s_NN,PHENIX,,BNL,['quarkonia'],2017,True
3470,Au,p,200,GeV,sqrt_s_NN,PHENIX,,BNL,['quarkonia'],2017,True
3470,p,p,510,GeV,sqrt_s_NN,PHENIX,,BNL,['quarkonia'],2017,True
3470,Au,Cu,200,GeV,sqrt_s_NN,PHENIX,,BNL,['quarkonia'],2017,True
3471,p,p,,,nao_informado,PHENIX,,BNL,"['quarkonia', 'estranheza']",2017,
3471,Au,d,,,nao_informado,PHENIX,,BNL,"['quarkonia', 'estranheza']",2017,
3471,Au,Cu,,,nao_informado,PHENIX,,BNL,"['quarkonia', 'estranheza']",2017,
3476,p,p,,,nao_informado,CMS,LHC,CERN,['quarkonia'],2026,
3477,p,p,14,TeV,sqrt_s_NN,,LHC,CERN,"['espectro_de_particulas', 'neutrons_emissao_frontal']",2025,True
3478,S,,200,AGeV,energia_de_feixe,,SPS,CERN,"['correlacoes', 'flutuacoes']",2024,True
3483,p,p,,,nao_informado,CMS,,CERN,"['choque_espalhamento', 'producao_de_hadrons']",2018,
3487,p,p,14,TeV,sqrt_s_NN,ALICE,LHC,CERN,"['producao_de_hadrons', 'espectro_de_particulas', 'multiplicidade']",2010,True
3493,Pb,Pb,2.76,TeV,sqrt_s_NN,,LHC,CERN,['estranheza'],2020,True
3493,Au,Au,200,GeV,sqrt_s_NN,,RHIC,BNL,['estranheza'],2020,True
3493,p,p,7,TeV,sqrt_s_NN,,LHC,CERN,"['estranheza', 'multiplicidade']",2020,True
3493,Pb,p,5.02,TeV,sqrt_s_NN,,LHC,CERN,"['estranheza', 'multiplicidade']",2020,True
3494,p,p,0.9,TeV,sqrt_s_NN,,LHC,CERN,"['multiplicidade', 'espectro_de_particulas']",2018,True
3494,p,p,7,TeV,sqrt_s_NN,,LHC,CERN,"['multiplicidade', 'espectro_de_particulas']",2018,True
3500,p,p,13,TeV,sqrt_s_NN,ATLAS,LHC,CERN,['calibracao'],2019,True
3502,p,Pb,,,nao_informado,LHCb,LHC,CERN,"['quarkonia', 'choque_espalhamento']",2018,
3508,p,p,7,TeV,sqrt_s_NN,ATLAS,LHC,CERN,['quarkonia'],2013,True
3508,p,p,7,TeV,sqrt_s_NN,CMS,LHC,CERN,['quarkonia'],2013,True
3508,p,p,7,TeV,sqrt_s_NN,LHCb,LHC,CERN,['quarkonia'],2013,True
3508,p,p,,,nao_informado,CDF,Tevatron,Fermilab,['quarkonia'],2013,
3513,Au,Au,200,GeV,sqrt_s_NN,,RHIC,BNL,"['supressao', 'fluxo', 'energia_transversa_densidade']",2004,True
3520,Au,Au,7.7,GeV,sqrt_s_NN,STAR,,BNL,['spin_e_polarizacao'],2023,True
3521,Pb,Pb,5.02,TeV,sqrt_s_NN,,LHC,CERN,"['fluxo', 'geometria_colisao']",2022,True
3523,p,p,13,TeV,sqrt_s_NN,ATLAS,LHC,CERN,"['choque_espalhamento', 'multiplicidade']",2018,True
3524,p,p,6.3,GeV,sqrt_s_NN,NA61/SHINE,,CERN,"['producao_de_hadrons', 'espectro_de_particulas']",2017,True
3524,p,p,17.3,GeV,sqrt_s_NN,NA61/SHINE,,CERN,"['producao_de_hadrons', 'espectro_de_particulas']",2017,True
3525,p,p,,,nao_informado,PHENIX,RHIC,BNL,['quarkonia'],2003,
3527,Pb,Pb,,,nao_informado,ATLAS,,CERN,"['fluxo', 'multiplicidade', 'espectro_de_particulas']",2026,
3536,p,p,13,TeV,sqrt_s_NN,,LHC,CERN,"['formas_de_evento', 'quarkonia']",2026,True
3537,p,p,,,nao_informado,,LHC,CERN,['quarkonia'],2024,
3537,Pb,Pb,,,nao_informado,,LHC,CERN,['quarkonia'],2024,
3538,U,U,192,GeV,sqrt_s_NN,PHENIX,RHIC,BNL,"['espectro_de_particulas', 'supressao', 'geometria_colisao']",2019,True
3539,p,p,7,TeV,sqrt_s_NN,LHCb,LHC,CERN,"['quarkonia', 'choque_espalhamento']",2018,True
3539,p,p,13,TeV,sqrt_s_NN,LHCb,LHC,CERN,"['quarkonia', 'choque_espalhamento']",2018,True
3540,Pb,Pb,2.76,TeV,sqrt_s_NN,ALICE,LHC,CERN,"['correlacoes', 'interferometria']",2015,True
3541,Pb,Pb,,,nao_informado,,LHC,CERN,"['fluxo', 'geometria_colisao']",2015,
3541,p,Pb,,,nao_informado,,LHC,CERN,"['fluxo', 'geometria_colisao']",2015,
3542,Pb,Pb,,,nao_informado,ALICE,LHC,CERN,['sondas_eletromagneticas'],2014,
3542,p,Pb,,,nao_informado,ALICE,LHC,CERN,['sondas_eletromagneticas'],2014,
3543,p,p,,,nao_informado,CMS,LHC,CERN,['caracterizacao_de_detector'],2013,
3548,p,p,0.9,TeV,sqrt_s_NN,ATLAS,LHC,CERN,['multiplicidade'],2020,True
3548,p,p,7,TeV,sqrt_s_NN,ATLAS,LHC,CERN,['multiplicidade'],2020,True
3548,p,p,8,TeV,sqrt_s_NN,ATLAS,LHC,CERN,['multiplicidade'],2020,True
3550,Au,Au,100,GeV,energia_de_feixe,,RHIC,BNL,['acelerador_e_feixe'],2015,True
3550,U,U,100,GeV,energia_de_feixe,,RHIC,BNL,['acelerador_e_feixe'],2015,True
3550,p,p,250,GeV,energia_de_feixe,,RHIC,BNL,['acelerador_e_feixe'],2015,True
3551,Au,Au,,,nao_informado,STAR,RHIC,BNL,"['sondas_eletromagneticas', 'producao_de_hadrons', 'fluxo', 'geometria_colisao']",2012,
3553,Au,d,200,GeV,sqrt_s_NN,STAR,RHIC,BNL,"['quarkonia', 'choque_espalhamento']",2005,True
3553,Au,Au,,,nao_informado,STAR,RHIC,BNL,"['quarkonia', 'choque_espalhamento']",2005,
3554,Au,Au,,,nao_informado,,RHIC,BNL,"['supressao', 'espectro_de_particulas']",2005,
3554,Au,d,,,nao_informado,,RHIC,BNL,['supressao'],2005,
3558,Au,Au,130,GeV,sqrt_s_NN,PHENIX,RHIC,BNL,"['geometria_colisao', 'multiplicidade', 'sondas_eletromagneticas', 'producao_de_hadrons']",2001,True
3562,p,Pb,5.02,TeV,sqrt_s_NN,CMS,,CERN,"['quarkonia', 'efeitos_nucleares']",2026,True
3562,p,Pb,8.16,TeV,sqrt_s_NN,CMS,,CERN,"['quarkonia', 'efeitos_nucleares']",2026,True
3567,p,p,13,TeV,sqrt_s_NN,,LHC,CERN,['multiplicidade'],2016,True
3568,p,p,,,nao_informado,ATLAS,LHC,CERN,['espectro_de_particulas'],2015,
3569,p,p,200,GeV,sqrt_s_NN,PHENIX,RHIC,BNL,['sondas_eletromagneticas'],2014,True
3569,p,p,7,TeV,sqrt_s_NN,CMS,LHC,CERN,['sondas_eletromagneticas'],2014,True
3570,p,p,,,nao_informado,,LHC,CERN,"['flutuacoes', 'correlacoes']",2009,
3570,p,p,,,nao_informado,,Tevatron,Fermilab,"['flutuacoes', 'correlacoes']",2009,
3573,p,p,200,GeV,sqrt_s_NN,STAR,RHIC,BNL,['spin_e_polarizacao'],2018,True
3576,Au,d,200,GeV,sqrt_s_NN,,RHIC,BNL,"['quarkonia', 'choque_espalhamento']",2009,True
3586,Au,Au,65,GeV,energia_de_feixe,STAR,RHIC,BNL,['acelerador_e_feixe'],2003,True
3588,Pb,Pb,,,nao_informado,,LHC,CERN,"['quarkonia', 'fragmentacao_hadronizacao']",2025,
3589,Au,Au,54.4,GeV,sqrt_s_NN,STAR,RHIC,BNL,"['quarkonia', 'geometria_colisao']",2025,True
3589,Au,Au,200,GeV,sqrt_s_NN,STAR,RHIC,BNL,"['quarkonia', 'geometria_colisao']",2025,True
3593,p,Pb,5.02,TeV,sqrt_s_NN,"ATLAS, CMS",,CERN,"['producao_de_bosons', 'estranheza', 'choque_espalhamento']",2020,True
3593,p,Pb,8.16,TeV,sqrt_s_NN,"ATLAS, CMS",,CERN,"['producao_de_bosons', 'estranheza', 'choque_espalhamento']",2020,True
3594,Au,Au,,,nao_informado,,RHIC,BNL,"['espectro_de_particulas', 'geometria_colisao']",2016,
3594,Pb,Pb,,,nao_informado,,LHC,CERN,"['espectro_de_particulas', 'geometria_colisao']",2016,
3600,Au,Au,200,GeV,sqrt_s_NN,STAR,,BNL,"['fluxo', 'geometria_colisao', 'multiplicidade', 'producao_de_hadrons']",2014,True
3600,U,U,193,GeV,sqrt_s_NN,STAR,,BNL,"['fluxo', 'geometria_colisao', 'multiplicidade', 'producao_de_hadrons']",2014,True
3602,p,p,,,nao_informado,,LHC,CERN,"['choque_espalhamento', 'higgs']",2010,
3602,Pb,p,,,nao_informado,,LHC,CERN,"['choque_espalhamento', 'higgs']",2010,
3602,Au,p,,,nao_informado,,LHC,CERN,"['choque_espalhamento', 'higgs']",2010,
3603,p,,800,GeV,energia_de_feixe,E866,,Fermilab,"['sondas_eletromagneticas', 'choque_espalhamento']",2005,True
3604,p,p,13,TeV,sqrt_s_NN,ATLAS,LHC,CERN,"['nova_fisica', 'sondas_eletromagneticas']",2025,True
3610,Au,Au,7.7,GeV,sqrt_s_NN,,RHIC,BNL,"['correlacoes', 'fluxo']",2017,True
3610,Au,Au,62.4,GeV,sqrt_s_NN,,RHIC,BNL,"['correlacoes', 'fluxo']",2017,True
3611,Au,d,200,GeV,sqrt_s_NN,,RHIC,BNL,"['producao_de_hadrons', 'espectro_de_particulas']",2016,True
3611,Pb,p,5.02,TeV,sqrt_s_NN,,RHIC,BNL,"['producao_de_hadrons', 'espectro_de_particulas']",2016,True
3611,p,p,2.76,TeV,sqrt_s_NN,,RHIC,BNL,"['producao_de_hadrons', 'espectro_de_particulas']",2016,True
3613,p,p,250,GeV,energia_de_feixe,,RHIC,BNL,['spin_e_polarizacao'],2007,True
3614,Au,Au,,,nao_informado,PHENIX,RHIC,BNL,"['supressao', 'espectro_de_particulas', 'geometria_colisao']",2004,
3619,p,p,,,nao_informado,,LHC,CERN,['simulacao'],2022,
3620,Pb,Pb,5.02,TeV,sqrt_s_NN,,LHC,CERN,"['formas_de_evento', 'geometria_colisao', 'energia_transversa_densidade']",2022,True
3621,Au,Au,,,nao_informado,,RHIC,BNL,"['correlacoes', 'fluxo']",2020,
3621,O,O,,,nao_informado,,LHC,CERN,"['correlacoes', 'fluxo']",2020,
3621,O,O,,,nao_informado,,RHIC,BNL,"['correlacoes', 'fluxo']",2020,
3621,Pb,Pb,,,nao_informado,,LHC,CERN,"['correlacoes', 'fluxo']",2020,
3621,Ru,Ru,,,nao_informado,,RHIC,BNL,"['correlacoes', 'fluxo']",2020,
3621,U,U,,,nao_informado,,RHIC,BNL,"['correlacoes', 'fluxo']",2020,
3621,Xe,Xe,,,nao_informado,,LHC,CERN,"['correlacoes', 'fluxo']",2020,
3621,Zr,Zr,,,nao_informado,,RHIC,BNL,"['correlacoes', 'fluxo']",2020,
3622,Au,Au,10,GeV,energia_de_feixe,STAR,RHIC,BNL,"['fluxo', 'geometria_colisao']",2016,True
3622,Au,Au,14.5,GeV,energia_de_feixe,STAR,RHIC,BNL,"['fluxo', 'geometria_colisao']",2016,True
3622,Au,Au,30,GeV,energia_de_feixe,STAR,RHIC,BNL,"['fluxo', 'geometria_colisao']",2016,True
3638,Pb,Pb,5.02,TeV,sqrt_s_NN,CMS,,CERN,['supressao'],2025,True
3638,p,p,5.02,TeV,sqrt_s_NN,CMS,,CERN,['supressao'],2025,True
3639,Pb,Pb,5.02,TeV,sqrt_s_NN,ATLAS,LHC,CERN,['quarkonia'],2025,True
3643,p,p,13,TeV,sqrt_s_NN,ATLAS,LHC,CERN,['choque_espalhamento'],2020,True
3644,p,p,7,TeV,sqrt_s_NN,CMS,,CERN,['tau'],2018,True
3644,p,p,8,TeV,sqrt_s_NN,CMS,,CERN,['tau'],2018,True
3644,p,p,13,TeV,sqrt_s_NN,CMS,,CERN,['tau'],2018,True
3646,Pb,Pb,,,nao_informado,ALICE,Large Hadron Collider,CERN,['quarkonia'],2014,
3646,Pb,p,,,nao_informado,ALICE,Large Hadron Collider,CERN,['quarkonia'],2014,
3646,p,p,,,nao_informado,ALICE,Large Hadron Collider,CERN,['quarkonia'],2014,
3653,Pb,Pb,2.76,TeV,sqrt_s_NN,ALICE,,CERN,"['producao_de_hadrons', 'espectro_de_particulas']",2013,True
3653,p,p,,,nao_informado,ALICE,,CERN,['correlacoes'],2013,
3656,Au,Au,200,MeV,sqrt_s_NN,,RHIC,BNL,['correlacoes'],2011,True
3657,Au,Au,130,GeV,sqrt_s_NN,STAR,RHIC,BNL,"['supressao', 'espectro_de_particulas', 'geometria_colisao']",2006,True
3657,Au,Au,200,GeV,sqrt_s_NN,STAR,RHIC,BNL,"['supressao', 'espectro_de_particulas', 'geometria_colisao']",2006,True
3657,Cu,Cu,,,nao_informado,STAR,RHIC,BNL,"['supressao', 'espectro_de_particulas', 'geometria_colisao']",2006,
3659,Pb,p,,,sqrt_s_NN,,LHC,CERN,['difracao'],2023,
3660,Au,Cu,,,nao_informado,,RHIC,BNL,"['espectro_de_particulas', 'multiplicidade']",2023,
3662,C,p,5.5,GeV/c,energia_de_feixe,,,Dubna,['sondas_eletromagneticas'],2021,True
3664,p,p,7,TeV,sqrt_s_NN,ALICE,LHC,CERN,['espectro_de_particulas'],2014,True
3665,p,p,,,nao_informado,ALICE,LHC,CERN,['quarkonia'],2014,
3665,Pb,p,,,nao_informado,ALICE,LHC,CERN,['quarkonia'],2014,
3665,Pb,Pb,,,nao_informado,ALICE,LHC,CERN,['quarkonia'],2014,
3668,p,p,2.76,TeV,sqrt_s_NN,ALICE,,CERN,"['quarkonia', 'multiplicidade']",2011,True
3668,p,p,7,TeV,sqrt_s_NN,ALICE,,CERN,"['quarkonia', 'multiplicidade']",2011,True
3668,Pb,Pb,2.76,TeV,sqrt_s_NN,ALICE,,CERN,"['quarkonia', 'geometria_colisao']",2011,True
3669,p,p,,,nao_informado,,RHIC,BNL,['spin_e_polarizacao'],2002,
3671,Pb,Pb,5.02,TeV,sqrt_s_NN,,LHC,CERN,"['quarkonia', 'geometria_colisao']",2026,True
3673,Au,Au,2.11-4.9,GeV,sqrt_s_NN,STAR,,BNL,"['fluxo', 'espectro_de_particulas']",2022,True
3676,p,p,,,nao_informado,CMS,LHC,CERN,['tracking'],2016,
3681,Pb,Pb,2.76,TeV,sqrt_s_NN,ALICE,LHC,CERN,['quarkonia'],2013,True
3685,In,In,158,GeV,energia_de_feixe,NA60,SPS,CERN,"['sondas_eletromagneticas', 'quarkonia', 'geometria_colisao', 'espectro_de_particulas']",2006,True
3693,p,p,,,nao_informado,,RHIC,BNL,"['espectro_de_particulas', 'correlacoes', 'flutuacoes', 'fluxo']",2016,
3693,Au,Au,,,nao_informado,,RHIC,BNL,"['espectro_de_particulas', 'correlacoes', 'flutuacoes', 'fluxo']",2016,
3693,p,p,,,nao_informado,,LHC,CERN,"['espectro_de_particulas', 'correlacoes', 'flutuacoes', 'fluxo']",2016,
3693,Pb,p,,,nao_informado,,LHC,CERN,"['espectro_de_particulas', 'correlacoes', 'flutuacoes', 'fluxo']",2016,
3693,Pb,Pb,,,nao_informado,,LHC,CERN,"['espectro_de_particulas', 'correlacoes', 'flutuacoes', 'fluxo']",2016,
3694,p,p,,,nao_informado,DO,Tevatron,Fermilab,"['sondas_eletromagneticas', 'producao_de_bosons']",2009,
3694,p,p,,,nao_informado,CDF,Tevatron,Fermilab,"['sondas_eletromagneticas', 'producao_de_bosons']",2009,
3695,p,p,,,nao_informado,ATLAS,LHC,CERN,['taxa_de_eventos'],2008,
3696,p,p,800,GeV,energia_de_feixe,E866,,Fermilab,"['sondas_eletromagneticas', 'choque_espalhamento']",2006,True
3696,Be,p,800,GeV,energia_de_feixe,E866,,Fermilab,"['sondas_eletromagneticas', 'choque_espalhamento']",2006,True
3696,Fe,p,800,GeV,energia_de_feixe,E866,,Fermilab,"['sondas_eletromagneticas', 'choque_espalhamento']",2006,True
3696,p,W,800,GeV,energia_de_feixe,E866,,Fermilab,"['sondas_eletromagneticas', 'choque_espalhamento']",2006,True
3698,p,p,200,GeV,sqrt_s_NN,STAR,RHIC,BNL,"['propriedades_de_jatos', 'correlacoes']",2025,True
3699,Pb,Pb,5.02,TeV,sqrt_s_NN,CMS,,CERN,['supressao'],2024,True
3701,Ar,Sc,,,nao_informado,NA61/SHINE,,CERN,"['geometria_colisao', 'flutuacoes', 'multiplicidade']",2019,
3701,Be,Be,,,nao_informado,NA61/SHINE,,CERN,"['geometria_colisao', 'flutuacoes', 'multiplicidade']",2019,
3701,La,Xe,,,nao_informado,NA61/SHINE,,CERN,"['geometria_colisao', 'flutuacoes', 'multiplicidade']",2019,
3701,Pb,Pb,,,nao_informado,NA61/SHINE,,CERN,"['geometria_colisao', 'flutuacoes', 'multiplicidade']",2019,
3701,p,Pb,,,nao_informado,NA61/SHINE,,CERN,"['geometria_colisao', 'flutuacoes', 'multiplicidade']",2019,
3701,p,p,,,nao_informado,NA61/SHINE,,CERN,"['geometria_colisao', 'flutuacoes', 'multiplicidade']",2019,
3708,Sn,Xe,50,MeV/u,energia_de_feixe,INDRA,,,"['transicoes_diagrama_de_fase', 'fragmentacao_hadronizacao', 'geometria_colisao']",2026,True
3709,p,p,13,TeV,sqrt_s_NN,ALICE,,CERN,"['interferometria', 'multiplicidade']",2025,True
3710,p,p,,,nao_informado,ALICE,LHC,CERN,"['estranheza', 'multiplicidade']",2020,
3710,p,Pb,,,nao_informado,ALICE,LHC,CERN,"['estranheza', 'multiplicidade']",2020,
3710,Pb,Pb,,,nao_informado,ALICE,LHC,CERN,"['estranheza', 'multiplicidade']",2020,
3710,Xe,Xe,,,nao_informado,ALICE,LHC,CERN,"['estranheza', 'multiplicidade']",2020,
3712,p,p,,,nao_informado,ALICE,LHC,CERN,['quarkonia'],2020,
3712,Pb,p,,,nao_informado,ALICE,LHC,CERN,['quarkonia'],2020,
3712,Pb,Pb,,,nao_informado,ALICE,LHC,CERN,['quarkonia'],2020,
3712,Xe,Xe,,,nao_informado,ALICE,LHC,CERN,['quarkonia'],2020,
3714,Au,Au,11,GeV,sqrt_s_NN,MPD,NICA,JINR,['transicoes_diagrama_de_fase'],2019,True
3716,p,Pb,5.02,TeV,sqrt_s_NN,,LHC,CERN,"['multiplicidade', 'geometria_colisao', 'fluxo']",2016,True
3716,Pb,Pb,2.76,TeV,sqrt_s_NN,,LHC,CERN,"['multiplicidade', 'geometria_colisao', 'fluxo']",2016,True
3718,p,p,7,TeV,sqrt_s_NN,CMS,LHC,CERN,['choque_espalhamento'],2013,True
3724,Pb,Pb,17.3,GeV,sqrt_s_NN,NA49,SPS,CERN,"['correlacoes', 'geometria_colisao']",2009,True
3724,Si,Si,17.3,GeV,sqrt_s_NN,NA49,SPS,CERN,"['correlacoes', 'geometria_colisao']",2009,True
3724,p,p,17.3,GeV,sqrt_s_NN,NA49,SPS,CERN,"['correlacoes', 'geometria_colisao']",2009,True
3724,Pb,Pb,6.3,GeV,sqrt_s_NN,NA49,SPS,CERN,"['correlacoes', 'geometria_colisao']",2009,True
3724,Pb,Pb,7.6,GeV,sqrt_s_NN,NA49,SPS,CERN,"['correlacoes', 'geometria_colisao']",2009,True
3724,Pb,Pb,8.8,GeV,sqrt_s_NN,NA49,SPS,CERN,"['correlacoes', 'geometria_colisao']",2009,True
3724,Pb,Pb,12.3,GeV,sqrt_s_NN,NA49,SPS,CERN,"['correlacoes', 'geometria_colisao']",2009,True
3727,p,p,7,TeV,sqrt_s_NN,ALICE,LHC,CERN,"['estranheza', 'multiplicidade']",2025,True
3727,Pb,Pb,5.02,TeV,sqrt_s_NN,ALICE,LHC,CERN,"['estranheza', 'espectro_de_particulas', 'multiplicidade']",2025,True
3729,Au,Au,200,GeV,sqrt_s_NN,STAR,RHIC,BNL,"['correlacoes', 'quarkonia']",2023,True
3729,p,p,200,GeV,sqrt_s_NN,STAR,RHIC,BNL,"['correlacoes', 'quarkonia']",2023,True
3734,Au,Au,,,nao_informado,PHENIX,RHIC,BNL,"['espectro_de_particulas', 'geometria_colisao', 'fluxo']",2020,
3734,Pb,Pb,,,nao_informado,ALICE,LHC,CERN,"['espectro_de_particulas', 'geometria_colisao', 'fluxo']",2020,
3735,p,p,200,GeV,sqrt_s_NN,PHENIX,RHIC,BNL,"['quarkonia', 'choque_espalhamento']",2017,True
3735,p,p,510,GeV,sqrt_s_NN,PHENIX,RHIC,BNL,"['quarkonia', 'choque_espalhamento']",2017,True
3735,Au,Cu,,,nao_informado,PHENIX,RHIC,BNL,"['quarkonia', 'geometria_colisao', 'espectro_de_particulas']",2017,
3736,p,p,2.76,TeV,sqrt_s_NN,LHCf,LHC,CERN,"['choque_espalhamento', 'espectro_de_particulas']",2016,True
3736,p,p,7,TeV,sqrt_s_NN,LHCf,LHC,CERN,"['choque_espalhamento', 'espectro_de_particulas']",2016,True
3736,Pb,p,5.02,TeV,sqrt_s_NN,LHCf,LHC,CERN,"['choque_espalhamento', 'supressao']",2016,True
3738,Au,Au,,,nao_informado,STAR,RHIC,BNL,"['sondas_eletromagneticas', 'correlacoes']",2014,
3738,p,p,,,nao_informado,STAR,RHIC,BNL,"['sondas_eletromagneticas', 'correlacoes']",2014,
3740,d,Au,,,nao_informado,STAR,RHIC,BNL,['correlacoes'],2010,
3740,p,p,,,nao_informado,,LHC,CERN,['correlacoes'],2010,
3747,p,p,7,TeV,sqrt_s_NN,ALICE,LHC,CERN,"['espectro_de_particulas', 'multiplicidade', 'correlacoes', 'producao_de_hadrons']",2023,True
3747,p,p,13,TeV,sqrt_s_NN,ALICE,LHC,CERN,"['espectro_de_particulas', 'multiplicidade', 'correlacoes', 'producao_de_hadrons']",2023,True
3749,p,p,13,TeV,sqrt_s_NN,LHCb,,CERN,['calibracao'],2024,True
3751,,,,,nao_informado,,RHIC,BNL,"['espectro_de_particulas', 'geometria_colisao']",2021,
3755,p,p,,,nao_informado,CMS,,CERN,['sondas_eletromagneticas'],2003,
3757,Au,Au,,,nao_informado,,RHIC,BNL,"['estranheza', 'sondas_eletromagneticas', 'quarkonia']",1993,
3758,Pb,Pb,5.02,TeV,sqrt_s_NN,ALICE,,CERN,"['fluxo', 'espectro_de_particulas', 'geometria_colisao']",2025,True
3761,p,p,7,TeV,sqrt_s_NN,ATLAS,LHC,CERN,"['producao_de_jatos', 'quarkonia', 'producao_de_hadrons', 'choque_espalhamento']",2012,True
3763,p,p,900,GeV,sqrt_s_NN,ATLAS,LHC,CERN,['multiplicidade'],2010,True
3763,p,p,7,TeV,sqrt_s_NN,ATLAS,LHC,CERN,['multiplicidade'],2010,True
3766,Au,p,18,GeV,energia_de_feixe,E910,AGS,BNL,"['espectro_de_particulas', 'geometria_colisao', 'producao_de_hadrons']",1999,True
3766,Be,p,18,GeV,energia_de_feixe,E910,AGS,BNL,"['espectro_de_particulas', 'geometria_colisao', 'producao_de_hadrons']",1999,True
3766,Cu,p,18,GeV,energia_de_feixe,E910,AGS,BNL,"['espectro_de_particulas', 'geometria_colisao', 'producao_de_hadrons']",1999,True
3769,p,p,,,nao_informado,,LHC,CERN,['espectro_de_particulas'],2023,
3769,Pb,Pb,,,nao_informado,,LHC,CERN,['espectro_de_particulas'],2023,
3770,p,p,13,TeV,sqrt_s_NN,ALICE,LHC,CERN,"['sondas_eletromagneticas', 'espectro_de_particulas', 'correlacoes']",2020,True
3770,Pb,Pb,5.02,TeV,sqrt_s_NN,ALICE,LHC,CERN,"['sondas_eletromagneticas', 'espectro_de_particulas', 'correlacoes']",2020,True
3771,Pb,Pb,17.3,GeV,sqrt_s_NN,NA49,SPS,CERN,"['estranheza', 'barions_stopping']",2020,True
3771,Pb,Pb,8.8,GeV,sqrt_s_NN,NA49,SPS,CERN,"['estranheza', 'barions_stopping']",2020,True
3772,Au,Au,11,GeV,sqrt_s_NN,MPD,NICA,JINR,['spin_e_polarizacao'],2018,True
3772,p,p,27,GeV,sqrt_s_NN,MPD,NICA,JINR,['spin_e_polarizacao'],2018,True
3773,p,p,100,GeV,energia_de_feixe,STAR,RHIC,BNL,['spin_e_polarizacao'],2008,True
3773,p,p,250,GeV,energia_de_feixe,STAR,RHIC,BNL,['spin_e_polarizacao'],2008,True
3774,Au,Au,,,nao_informado,,RHIC,BNL,"['multiplicidade', 'supressao']",2005,
3774,Au,d,,,nao_informado,,RHIC,BNL,['supressao'],2005,
3776,p,p,,,nao_informado,LHCb,LHC,CERN,['caracterizacao_de_detector'],2024,
3780,Au,Au,7.7,GeV,sqrt_s_NN,STAR,RHIC,BNL,"['antimateria_nucleos_leves', 'producao_de_hadrons', 'geometria_colisao']",2017,True
3780,Au,Au,11.5,GeV,sqrt_s_NN,STAR,RHIC,BNL,"['antimateria_nucleos_leves', 'producao_de_hadrons', 'geometria_colisao']",2017,True
3780,Au,Au,14.5,GeV,sqrt_s_NN,STAR,RHIC,BNL,"['antimateria_nucleos_leves', 'producao_de_hadrons', 'geometria_colisao']",2017,True
3780,Au,Au,19.6,GeV,sqrt_s_NN,STAR,RHIC,BNL,"['antimateria_nucleos_leves', 'producao_de_hadrons', 'geometria_colisao']",2017,True
3780,Au,Au,27,GeV,sqrt_s_NN,STAR,RHIC,BNL,"['antimateria_nucleos_leves', 'producao_de_hadrons', 'geometria_colisao']",2017,True
3780,Au,Au,39,GeV,sqrt_s_NN,STAR,RHIC,BNL,"['antimateria_nucleos_leves', 'producao_de_hadrons', 'geometria_colisao']",2017,True
3780,Au,Au,62.4,GeV,sqrt_s_NN,STAR,RHIC,BNL,"['antimateria_nucleos_leves', 'producao_de_hadrons', 'geometria_colisao']",2017,True
3780,Au,Au,200,GeV,sqrt_s_NN,STAR,RHIC,BNL,"['antimateria_nucleos_leves', 'producao_de_hadrons', 'geometria_colisao']",2017,True
3784,Ne,Pb,68.5,GeV,sqrt_s_NN,LHCb,LHC,CERN,['interferometria'],2025,True
3784,O,Pb,68.5,GeV,sqrt_s_NN,LHCb,LHC,CERN,['interferometria'],2025,True
3787,Au,Au,,,nao_informado,,RHIC,BNL,"['luminosidade', 'acelerador_e_feixe']",2019,
3787,Au,He,,,nao_informado,,RHIC,BNL,"['luminosidade', 'acelerador_e_feixe']",2019,
3789,p,Pb,5.02,TeV,sqrt_s_NN,CMS,LHC,CERN,['espectro_de_particulas'],2014,True
3789,Pb,Pb,2.76,TeV,sqrt_s_NN,ALICE,LHC,CERN,['espectro_de_particulas'],2014,True
3794,Pb,Pb,,,nao_informado,,LHC,CERN,"['correlacoes', 'supressao']",2026,
3794,p,p,,,nao_informado,,,CERN,['correlacoes'],2026,
3795,Pb,p,,,nao_informado,ALICE,LHC,CERN,"['antimateria_nucleos_leves', 'producao_de_hadrons', 'multiplicidade']",2022,
3795,p,p,,,nao_informado,ALICE,LHC,CERN,"['antimateria_nucleos_leves', 'producao_de_hadrons', 'multiplicidade']",2022,
3796,p,p,13,TeV,sqrt_s_NN,ALICE,LHC,CERN,"['antimateria_nucleos_leves', 'multiplicidade']",2022,True
3797,p,p,13,TeV,sqrt_s_NN,CMS,LHC,CERN,['sondas_eletromagneticas'],2020,True
3798,p,p,7,TeV,sqrt_s_NN,ALICE,LHC,CERN,"['estranheza', 'multiplicidade', 'correlacoes']",2019,True
3802,O,O,,,nao_informado,STAR,RHIC,BNL,"['fluxo', 'geometria_colisao']",2024,
3802,O,O,70,GeV,sqrt_s_NN,,RHIC,BNL,"['fluxo', 'geometria_colisao']",2024,True
3802,O,O,7,TeV,sqrt_s_NN,,LHC,CERN,"['fluxo', 'geometria_colisao']",2024,True
3802,Ne,Ne,70,GeV,sqrt_s_NN,,RHIC,BNL,"['fluxo', 'geometria_colisao']",2024,True
3802,Ne,Ne,7,TeV,sqrt_s_NN,,LHC,CERN,"['fluxo', 'geometria_colisao']",2024,True
3803,Au,d,200,GeV,sqrt_s_NN,PHENIX,RHIC,BNL,"['quarkonia', 'choque_espalhamento']",2013,True
3803,p,p,200,GeV,sqrt_s_NN,PHENIX,RHIC,BNL,"['quarkonia', 'choque_espalhamento']",2013,True
3804,Pb,Pb,17,AGeV,sqrt_s_NN,WA98,SPS,CERN,"['espectro_de_particulas', 'multiplicidade', 'geometria_colisao']",1999,True
3804,Pb,Pb,200,AGeV,sqrt_s_NN,,RHIC,BNL,"['espectro_de_particulas', 'multiplicidade', 'geometria_colisao']",1999,True
3805,p,p,,,nao_informado,FASER,LHC,CERN,['producao_de_hadrons'],2024,
3806,p,p,13,TeV,sqrt_s_NN,LHCf,LHC,CERN,"['sondas_eletromagneticas', 'producao_de_hadrons', 'choque_espalhamento']",2023,True
3806,p,p,13.6,TeV,sqrt_s_NN,LHCf,LHC,CERN,"['sondas_eletromagneticas', 'producao_de_hadrons', 'espectro_de_particulas']",2023,True
3807,Au,Au,,,nao_informado,STAR,RHIC,BNL,"['correlacoes', 'estranheza']",2023,
3809,Pb,Pb,,,nao_informado,,LHC,CERN,"['propriedades_de_jatos', 'geometria_colisao', 'supressao']",2020,
3813,p,p,7,TeV,sqrt_s_NN,,LHC,CERN,['choque_espalhamento'],2012,True
3813,p,p,14,TeV,sqrt_s_NN,,LHC,CERN,['choque_espalhamento'],2012,True
3814,Au,Au,,,nao_informado,PHOBOS,RHIC,BNL,"['multiplicidade', 'espectro_de_particulas', 'geometria_colisao']",2003,
3820,Pb,Pb,,,nao_informado,ALICE,,CERN,"['quarkonia', 'geometria_colisao']",2021,
3820,p,p,,,nao_informado,ALICE,,CERN,"['quarkonia', 'multiplicidade']",2021,
3821,Pb,Pb,2.76,TeV,sqrt_s_NN,CMS,,CERN,"['supressao', 'quarkonia']",2013,True
3821,p,p,2.76,TeV,sqrt_s_NN,CMS,,CERN,"['supressao', 'quarkonia']",2013,True
3825,p,p,,,nao_informado,CMS,LHC,CERN,"['fluxo', 'luminosidade', 'acelerador_e_feixe']",2009,
3828,p,p,200,GeV,sqrt_s_NN,,RHIC,BNL,"['multiplicidade', 'correlacoes', 'geometria_colisao']",2016,True
3829,Au,d,200,GeV,sqrt_s_NN,PHENIX,,BNL,"['geometria_colisao', 'espectro_de_particulas']",2014,True
3829,Pb,p,5.02,TeV,sqrt_s_NN,PHENIX,,BNL,"['geometria_colisao', 'espectro_de_particulas']",2014,True
3832,S,S,,,nao_informado,NA35,SPS,CERN,['fluxo'],2026,
3833,Au,Au,,,nao_informado,STAR,,BNL,"['flutuacoes', 'multiplicidade', 'correlacoes', 'geometria_colisao']",2025,
3835,C,d,4.2,GeV,energia_de_feixe,,,JINR,['producao_de_hadrons'],2018,True
3836,Au,Au,200,GeV,sqrt_s_NN,STAR,RHIC,BNL,"['interferometria', 'geometria_colisao', 'correlacoes']",2017,True
3837,,,,,nao_informado,,RHIC,BNL,"['fluxo', 'supressao', 'espectro_de_particulas']",2007,
3839,p,p,13.6,TeV,sqrt_s_NN,ALICE,,CERN,"['quarkonia', 'choque_espalhamento']",2026,True
3839,p,p,13,TeV,sqrt_s_NN,ALICE,,CERN,"['quarkonia', 'multiplicidade']",2026,True
3840,p,p,13,TeV,sqrt_s_NN,LHCf,LHC,CERN,"['sondas_eletromagneticas', 'espectro_de_particulas', 'neutrons_emissao_frontal']",2022,True
3841,Pb,Pb,,,nao_informado,CMS,LHC,CERN,"['producao_de_hadrons', 'exoticos']",2007,
3841,Au,Au,,,nao_informado,,RHIC,BNL,"['producao_de_hadrons', 'exoticos']",2007,
3850,p,p,,,nao_informado,ATLAS,LHC,CERN,"['emaranhamento_quantico', 'spin_e_polarizacao']",2025,
3850,p,p,,,nao_informado,CMS,LHC,CERN,"['emaranhamento_quantico', 'spin_e_polarizacao']",2025,
3851,Ne,p,,,nao_informado,LHCb,,CERN,"['quarkonia', 'espectro_de_particulas']",2024,
3852,p,p,,,nao_informado,ATLAS,LHC,CERN,"['particulas_novas', 'higgs', 'particulas_vida_longa']",2023,
3853,p,p,,,nao_informado,,LHC,CERN,"['spin_e_polarizacao', 'choque_espalhamento']",2021,
3854,p,p,8,TeV,sqrt_s_NN,CMS,LHC,CERN,"['higgs', 'producao_de_jatos', 'formas_de_evento']",2021,True
3854,p,p,13,TeV,sqrt_s_NN,CMS,LHC,CERN,"['higgs', 'producao_de_jatos', 'formas_de_evento']",2021,True
3858,Au,Au,200,GeV,sqrt_s_NN,PHENIX,,BNL,['espectro_de_particulas'],2024,True
3858,Au,Au,200,GeV,sqrt_s_NN,STAR,,BNL,['espectro_de_particulas'],2024,True
3858,d,Au,200,GeV,sqrt_s_NN,PHENIX,,BNL,['espectro_de_particulas'],2024,True
3858,d,Au,200,GeV,sqrt_s_NN,STAR,,BNL,['espectro_de_particulas'],2024,True
3858,p,p,200,GeV,sqrt_s_NN,PHENIX,,BNL,['espectro_de_particulas'],2024,True
3858,p,p,200,GeV,sqrt_s_NN,STAR,,BNL,['espectro_de_particulas'],2024,True
3859,p,p,,,nao_informado,ALICE,,CERN,"['interferometria', 'antimateria_nucleos_leves', 'choque_espalhamento']",2017,
3863,Au,Au,,,nao_informado,,RHIC,BNL,"['fluxo', 'quarkonia', 'flutuacoes']",2025,
3870,p,p,,,nao_informado,PHENIX,,BNL,['quarkonia'],2007,
3870,Au,d,,,nao_informado,PHENIX,,BNL,['quarkonia'],2007,
3874,Au,Au,11,GeV/u,sqrt_s_NN,MPD,NICA,JINR,['transicoes_diagrama_de_fase'],2021,True
3876,O,O,5.36,TeV,sqrt_s_NN,,LHC,CERN,"['multiplicidade', 'geometria_colisao']",2026,True
3876,Ne,Ne,5.36,TeV,sqrt_s_NN,,LHC,CERN,"['multiplicidade', 'geometria_colisao']",2026,True
3876,O,p,5.36,TeV,sqrt_s_NN,,LHC,CERN,"['multiplicidade', 'geometria_colisao']",2026,True
3878,p,p,,,nao_informado,,LHC,CERN,"['quarkonia', 'multiplicidade']",2024,
3878,p,Pb,,,nao_informado,,LHC,CERN,"['quarkonia', 'multiplicidade']",2024,
3878,Pb,Pb,,,nao_informado,,LHC,CERN,"['quarkonia', 'geometria_colisao']",2024,
3878,O,O,,,nao_informado,,LHC,CERN,"['quarkonia', 'geometria_colisao']",2024,
3878,Ar,Ar,,,nao_informado,,LHC,CERN,"['quarkonia', 'geometria_colisao']",2024,
3878,Xe,Xe,,,nao_informado,,LHC,CERN,"['quarkonia', 'geometria_colisao']",2024,
3879,p,p,13,TeV,sqrt_s_NN,ATLAS,LHC,CERN,"['top_quark', 'formas_de_evento']",2024,True
3880,p,p,,,nao_informado,,LHC,CERN,['quarkonia'],2021,
3881,p,p,,,nao_informado,ATLAS,LHC,CERN,['correlacoes'],2021,
3881,p,p,,,nao_informado,CMS,LHC,CERN,['correlacoes'],2021,
3883,Au,Au,11,GeV,sqrt_s_NN,MPD,NICA,JINR,"['fluxo', 'spin_e_polarizacao']",2018,True
3883,p,p,27,GeV,sqrt_s_NN,MPD,NICA,JINR,['spin_e_polarizacao'],2018,True
3884,Pb,Pb,40,GeV,nao_informado,NA49,,CERN,['fluxo'],2017,True
3885,p,p,7,TeV,sqrt_s_NN,ATLAS,LHC,CERN,"['quarkonia', 'espectro_de_particulas']",2012,True
3885,p,p,7,TeV,sqrt_s_NN,CMS,LHC,CERN,"['quarkonia', 'espectro_de_particulas']",2012,True
3891,p,p,,,nao_informado,,LHC,CERN,"['multiplicidade', 'sondas_eletromagneticas']",2025,
3893,U,U,2.1,GeV,sqrt_s_NN,CEE,Cooling Storage Ring,,['fluxo'],2023,True
3894,p,p,13,TeV,sqrt_s_NN,FASER nu,LHC,CERN,"['choque_espalhamento', 'neutrinos']",2022,True
3895,p,p,13,TeV,sqrt_s_NN,MoEDAL,LHC,CERN,['exoticos'],2019,True
3899,p,p,7,TeV,sqrt_s_NN,CMS,LHC,CERN,['quarkonia'],2013,True
3901,p,p,,,nao_informado,ATLAS,LHC,CERN,['multiplicidade'],2012,
3901,Pb,p,,,nao_informado,ATLAS,LHC,CERN,['multiplicidade'],2012,
3901,Pb,Pb,,,nao_informado,ATLAS,LHC,CERN,['multiplicidade'],2012,
3906,p,p,3.5,TeV,energia_de_feixe,,LHC,CERN,['acelerador_e_feixe'],2019,True
3906,p,p,4,TeV,energia_de_feixe,,LHC,CERN,['acelerador_e_feixe'],2019,True
3906,Pb,Pb,1.38,TeV,energia_de_feixe,,LHC,CERN,['acelerador_e_feixe'],2019,True
3907,Au,Au,14.5,GeV,sqrt_s_NN,STAR,RHIC,BNL,['flutuacoes'],2016,True
3908,p,p,13,TeV,sqrt_s_NN,ATLAS,Large Hadron Collider,CERN,"['producao_de_jatos', 'multiplicidade']",2016,True
3910,p,p,14,TeV,sqrt_s_NN,ATLAS,LHC,CERN,"['higgs', 'producao_de_bosons', 'top_quark', 'nova_fisica']",2009,True
3910,p,p,14,TeV,sqrt_s_NN,CMS,LHC,CERN,"['higgs', 'producao_de_bosons', 'top_quark', 'nova_fisica']",2009,True
3912,p,p,13,TeV,sqrt_s_NN,CMS,LHC,CERN,['higgs'],2023,True
3913,p,p,200,GeV,sqrt_s_NN,STAR,RHIC,BNL,"['espectro_de_particulas', 'estranheza']",2017,True
3917,Pb,Pb,5.36,TeV,sqrt_s_NN,ALICE,,CERN,"['fluxo', 'producao_de_hadrons']",2026,True
3918,p,p,13,TeV,sqrt_s_NN,TOTEM,LHC,CERN,['choque_espalhamento'],2025,True
3919,p,p,,,nao_informado,LHCb,LHC,CERN,['quarkonia'],2024,
3921,Au,Au,,,nao_informado,PHENIX,RHIC,BNL,"['espectro_de_particulas', 'geometria_colisao', 'freezeout_temperatura']",2020,
3921,Au,d,,,nao_informado,PHENIX,RHIC,BNL,"['espectro_de_particulas', 'geometria_colisao']",2020,
3921,Pb,Pb,,,nao_informado,ALICE,LHC,CERN,"['espectro_de_particulas', 'geometria_colisao', 'freezeout_temperatura']",2020,
3921,Pb,p,,,nao_informado,ALICE,LHC,CERN,"['espectro_de_particulas', 'geometria_colisao']",2020,
3923,Au,Au,7.7,GeV,sqrt_s_NN,STAR,RHIC,BNL,"['flutuacoes', 'correlacoes', 'geometria_colisao']",2017,True
3923,Au,Au,11.5,GeV,sqrt_s_NN,STAR,RHIC,BNL,"['flutuacoes', 'correlacoes', 'geometria_colisao']",2017,True
3923,Au,Au,19.6,GeV,sqrt_s_NN,STAR,RHIC,BNL,"['flutuacoes', 'correlacoes', 'geometria_colisao']",2017,True
3923,Au,Au,27,GeV,sqrt_s_NN,STAR,RHIC,BNL,"['flutuacoes', 'correlacoes', 'geometria_colisao']",2017,True
3923,Au,Au,39,GeV,sqrt_s_NN,STAR,RHIC,BNL,"['flutuacoes', 'correlacoes', 'geometria_colisao']",2017,True
3923,Au,Au,62.4,GeV,sqrt_s_NN,STAR,RHIC,BNL,"['flutuacoes', 'correlacoes', 'geometria_colisao']",2017,True
3923,Au,Au,200,GeV,sqrt_s_NN,STAR,RHIC,BNL,"['flutuacoes', 'correlacoes', 'geometria_colisao']",2017,True
3924,p,p,7,TeV,sqrt_s_NN,CMS,LHC,CERN,"['choque_espalhamento', 'quarkonia']",2017,True
3924,p,p,8,TeV,sqrt_s_NN,CMS,LHC,CERN,"['choque_espalhamento', 'quarkonia']",2017,True
3924,p,p,13,TeV,sqrt_s_NN,CMS,LHC,CERN,"['choque_espalhamento', 'quarkonia']",2017,True
3924,p,p,1.96,TeV,sqrt_s_NN,,Tevatron,Fermilab,"['choque_espalhamento', 'quarkonia']",2017,True
3925,Au,Au,,,nao_informado,STAR,RHIC,BNL,"['fluxo', 'supressao', 'flutuacoes', 'producao_de_hadrons']",2015,
3928,p,Pb,,,nao_informado,,LHC,CERN,['multiplicidade'],2026,
3928,p,p,,,nao_informado,,LHC,CERN,['multiplicidade'],2026,
3933,p,p,7,TeV,sqrt_s_NN,ATLAS,LHC,CERN,"['choque_espalhamento', 'sondas_eletromagneticas']",2013,True
3938,B,B,200,GeV,sqrt_s_NN,,RHIC,BNL,"['producao_de_hadrons', 'antimateria_nucleos_leves', 'estranheza']",2022,True
3938,C,C,200,GeV,sqrt_s_NN,,RHIC,BNL,"['producao_de_hadrons', 'antimateria_nucleos_leves', 'estranheza']",2022,True
3938,O,O,200,GeV,sqrt_s_NN,,RHIC,BNL,"['producao_de_hadrons', 'antimateria_nucleos_leves', 'estranheza']",2022,True
3938,Ne,Ne,200,GeV,sqrt_s_NN,,RHIC,BNL,"['producao_de_hadrons', 'antimateria_nucleos_leves', 'estranheza']",2022,True
3938,Al,Al,200,GeV,sqrt_s_NN,,RHIC,BNL,"['producao_de_hadrons', 'antimateria_nucleos_leves', 'estranheza']",2022,True
3938,Ar,Ar,200,GeV,sqrt_s_NN,,RHIC,BNL,"['producao_de_hadrons', 'antimateria_nucleos_leves', 'estranheza']",2022,True
3938,Cu,Cu,200,GeV,sqrt_s_NN,,RHIC,BNL,"['producao_de_hadrons', 'antimateria_nucleos_leves', 'estranheza']",2022,True
3938,Ru,Ru,200,GeV,sqrt_s_NN,,RHIC,BNL,"['producao_de_hadrons', 'antimateria_nucleos_leves', 'estranheza']",2022,True
3938,Au,Au,200,GeV,sqrt_s_NN,,RHIC,BNL,"['producao_de_hadrons', 'antimateria_nucleos_leves', 'estranheza']",2022,True
3938,U,U,200,GeV,sqrt_s_NN,,RHIC,BNL,"['producao_de_hadrons', 'antimateria_nucleos_leves', 'estranheza']",2022,True
3943,Au,Au,7.7-27,GeV,sqrt_s_NN,STAR,RHIC,BNL,['transicoes_diagrama_de_fase'],2022,True
3943,Au,Au,3.0,GeV,sqrt_s_NN,STAR,RHIC,BNL,['transicoes_diagrama_de_fase'],2022,True
3944,p,p,,,nao_informado,SPD,NICA,JINR,"['spin_e_polarizacao', 'quarkonia', 'sondas_eletromagneticas']",2021,
3945,p,p,13,TeV,sqrt_s_NN,,LHC,CERN,['quarkonia'],2018,True
3945,p,p,,,nao_informado,,LHC,CERN,['espectro_de_particulas'],2018,
3945,p,p,,,nao_informado,,RHIC,BNL,['espectro_de_particulas'],2018,
3945,,,,,nao_informado,,LHC,CERN,['espectro_de_particulas'],2018,
3945,,,,,nao_informado,,RHIC,BNL,['espectro_de_particulas'],2018,
3946,Au,Cu,200,GeV,sqrt_s_NN,PHENIX,RHIC,BNL,"['producao_de_hadrons', 'espectro_de_particulas']",2018,True
3946,U,U,192,GeV,sqrt_s_NN,PHENIX,RHIC,BNL,"['producao_de_hadrons', 'espectro_de_particulas']",2018,True
3947,p,p,7,TeV,sqrt_s_NN,,LHC,CERN,"['quarkonia', 'choque_espalhamento']",2017,True
3947,p,p,8,TeV,sqrt_s_NN,,LHC,CERN,"['quarkonia', 'choque_espalhamento']",2017,True
3947,p,p,13,TeV,sqrt_s_NN,,LHC,CERN,"['quarkonia', 'choque_espalhamento']",2017,True
3947,p,p,5,TeV,sqrt_s_NN,,LHC,CERN,"['quarkonia', 'choque_espalhamento']",2017,True
3950,p,p,400,GeV/c,nao_informado,NA27,,CERN,['flutuacoes'],2012,True
3951,p,p,7,TeV,sqrt_s_NN,LHCf,LHC,CERN,['espectro_de_particulas'],2009,True
3952,Pb,Pb,5.5,TeV,sqrt_s_NN,ALICE,LHC,CERN,"['quarkonia', 'fluxo', 'supressao']",2007,True
3952,p,p,14,TeV,sqrt_s_NN,ALICE,LHC,CERN,"['quarkonia', 'fluxo', 'supressao']",2007,True
3954,Pb,S,200,GeV,energia_de_feixe,NA44,,CERN,['correlacoes'],2001,True
3956,p,p,,,nao_informado,,LHC,CERN,['exoticos'],2026,
3957,p,p,,,nao_informado,ATLAS,,CERN,['multiplicidade'],2026,
3966,Pb,Pb,,,nao_informado,,LHC,CERN,"['supressao', 'correlacoes', 'espectro_de_particulas']",2023,
3967,p,p,13,TeV,sqrt_s_NN,LHCf,LHC,CERN,"['producao_de_hadrons', 'choque_espalhamento']",2023,True
3968,Pb,Pb,,,nao_informado,,LHC,CERN,"['fluxo', 'flutuacoes', 'geometria_colisao']",2020,
3970,,,7.7 - 200,GeV,sqrt_s_NN,,RHIC,BNL,"['espectro_de_particulas', 'geometria_colisao']",2013,True
3971,Au,d,,,nao_informado,,RHIC,BNL,['producao_de_hadrons'],2011,
3971,p,p,,,nao_informado,,RHIC,BNL,['producao_de_hadrons'],2011,
3974,p,p,13,TeV,sqrt_s_NN,ATLAS,LHC,CERN,"['correlacoes', 'fluxo']",2023,True
3976,Pb,Pb,,,nao_informado,NA44,SPS,CERN,"['producao_de_hadrons', 'espectro_de_particulas']",2003,
3976,Pb,S,,,nao_informado,NA44,SPS,CERN,"['producao_de_hadrons', 'espectro_de_particulas']",2003,
3976,S,S,,,nao_informado,NA44,SPS,CERN,"['producao_de_hadrons', 'espectro_de_particulas']",2003,
3982,p,p,13,TeV,sqrt_s_NN,ATLAS,LHC,CERN,['espectro_de_particulas'],2024,True
3983,p,p,13,TeV,sqrt_s_NN,ATLAS,,CERN,"['choque_espalhamento', 'producao_de_jatos']",2022,True
3988,Au,Au,,,nao_informado,STAR,RHIC,BNL,"['producao_de_hadrons', 'fluxo', 'espectro_de_particulas', 'geometria_colisao']",2015,
3988,Cu,Cu,,,nao_informado,STAR,RHIC,BNL,"['producao_de_hadrons', 'fluxo', 'espectro_de_particulas', 'geometria_colisao']",2015,
3988,Au,d,,,nao_informado,STAR,RHIC,BNL,"['producao_de_hadrons', 'fluxo', 'espectro_de_particulas', 'geometria_colisao']",2015,
3988,p,p,,,nao_informado,STAR,RHIC,BNL,"['producao_de_hadrons', 'fluxo', 'espectro_de_particulas', 'geometria_colisao']",2015,
3992,Pb,Pb,,,nao_informado,ATLAS,LHC,CERN,"['flutuacoes', 'multiplicidade', 'geometria_colisao']",2024,
3995,p,p,200,GeV,sqrt_s_NN,,RHIC,BNL,"['quarkonia', 'supressao']",2019,True
3995,Au,Au,200,GeV,sqrt_s_NN,,RHIC,BNL,"['quarkonia', 'supressao']",2019,True
3995,Pb,Pb,5.02,TeV,sqrt_s_NN,,LHC,CERN,"['quarkonia', 'supressao']",2019,True
3996,p,p,,,nao_informado,STAR,RHIC,BNL,"['espectro_de_particulas', 'fluxo', 'geometria_colisao']",2018,
3996,p,p,,,nao_informado,ALICE,LHC,CERN,"['espectro_de_particulas', 'fluxo', 'geometria_colisao']",2018,
4009,Pb,p,,,nao_informado,ATLAS,LHC,CERN,"['supressao', 'geometria_colisao']",2014,
4010,Au,Au,200,GeV,sqrt_s_NN,STAR,RHIC,BNL,['quarkonia'],2014,True
4011,p,p,200,GeV,sqrt_s_NN,UA5,,,"['multiplicidade', 'flutuacoes']",2008,True
4011,p,p,546,GeV,sqrt_s_NN,UA5,,,"['multiplicidade', 'flutuacoes']",2008,True
4011,p,p,900,GeV,sqrt_s_NN,UA5,,,"['multiplicidade', 'flutuacoes']",2008,True
4019,Au,Au,200,GeV,sqrt_s_NN,STAR,RHIC,BNL,"['correlacoes', 'quarkonia']",2024,True
4019,p,p,200,GeV,sqrt_s_NN,STAR,RHIC,BNL,"['correlacoes', 'quarkonia']",2024,True
4019,p,p,500,GeV,sqrt_s_NN,STAR,RHIC,BNL,"['correlacoes', 'quarkonia']",2024,True
4019,p,p,1.96,TeV,sqrt_s_NN,CDF,,Fermilab,"['correlacoes', 'quarkonia']",2024,True
4020,Au,Au,200,GeV,sqrt_s_NN,,RHIC,BNL,"['fluxo', 'espectro_de_particulas', 'interferometria']",2020,True
4020,Pb,Pb,2.76,TeV,sqrt_s_NN,,LHC,CERN,"['fluxo', 'espectro_de_particulas', 'interferometria']",2020,True
4020,Pb,Pb,5.02,TeV,sqrt_s_NN,,LHC,CERN,"['fluxo', 'espectro_de_particulas', 'interferometria']",2020,True
4020,Xe,Xe,5.44,TeV,sqrt_s_NN,,LHC,CERN,"['fluxo', 'espectro_de_particulas', 'interferometria']",2020,True
4022,Pb,p,,,nao_informado,,LHC,CERN,"['supressao', 'espectro_de_particulas', 'correlacoes']",2012,
4022,Pb,Pb,,,nao_informado,,LHC,CERN,"['supressao', 'espectro_de_particulas', 'correlacoes']",2012,
4024,Au,Au,,,nao_informado,PHOBOS,RHIC,BNL,"['multiplicidade', 'espectro_de_particulas']",2003,
4025,p,p,,,nao_informado,,LHC,CERN,['fluxo'],2026,
4027,p,p,,,nao_informado,ALICE,,CERN,"['quarkonia', 'multiplicidade']",2021,
4032,p,p,62.4,GeV,sqrt_s_NN,,RHIC,BNL,['espectro_de_particulas'],2018,True
4032,p,p,13,TeV,sqrt_s_NN,,LHC,CERN,['espectro_de_particulas'],2018,True
4032,Pb,p,5.02,TeV,sqrt_s_NN,,LHC,CERN,"['espectro_de_particulas', 'geometria_colisao']",2018,True
4032,Pb,Pb,5.02,TeV,sqrt_s_NN,,LHC,CERN,"['espectro_de_particulas', 'geometria_colisao']",2018,True
4033,p,p,13,TeV,sqrt_s_NN,ATLAS,LHC,CERN,"['fenomenos_quirais_magneticos', 'buracos_negros']",2016,True
4033,p,p,14,TeV,sqrt_s_NN,ATLAS,LHC,CERN,"['fenomenos_quirais_magneticos', 'buracos_negros']",2016,True
4033,p,p,33,TeV,sqrt_s_NN,ATLAS,LHC,CERN,"['fenomenos_quirais_magneticos', 'buracos_negros']",2016,True
4033,p,p,100,TeV,sqrt_s_NN,ATLAS,LHC,CERN,"['fenomenos_quirais_magneticos', 'buracos_negros']",2016,True
4036,p,p,,,nao_informado,SND@LHC,LHC,CERN,['quarkonia'],2025,
4042,p,p,7,TeV,sqrt_s_NN,,LHC,CERN,['choque_espalhamento'],2014,True
4042,p,p,8,TeV,sqrt_s_NN,,LHC,CERN,['choque_espalhamento'],2014,True
4044,p,p,,,nao_informado,NA61/SHINE,SPS,CERN,['interferometria'],2025,
4044,p,Pb,,,nao_informado,NA61/SHINE,SPS,CERN,['interferometria'],2025,
4044,Be,Be,,,nao_informado,NA61/SHINE,SPS,CERN,['interferometria'],2025,
4044,Ar,Sc,,,nao_informado,NA61/SHINE,SPS,CERN,['interferometria'],2025,
4044,La,Xe,,,nao_informado,NA61/SHINE,SPS,CERN,['interferometria'],2025,
4044,Pb,Pb,,,nao_informado,NA61/SHINE,SPS,CERN,['interferometria'],2025,
4046,p,p,,,nao_informado,,LHC,CERN,"['choque_espalhamento', 'espectro_de_particulas']",2017,
4048,p,p,1.96,TeV,sqrt_s_NN,CDF II,Tevatron,Fermilab,['top_quark'],2009,True
4049,p,p,14,TeV,sqrt_s_NN,,LHC,CERN,['sondas_eletromagneticas'],2001,True
4057,Au,p,200,GeV,energia_de_feixe,NA35,SPS,CERN,"['flutuacoes', 'correlacoes']",1994,True
4057,Au,O,200,GeV,energia_de_feixe,NA35,SPS,CERN,"['flutuacoes', 'correlacoes']",1994,True
4057,Au,S,200,GeV,energia_de_feixe,NA35,SPS,CERN,"['flutuacoes', 'correlacoes']",1994,True
4057,S,S,200,GeV,energia_de_feixe,NA35,SPS,CERN,"['flutuacoes', 'correlacoes']",1994,True
4059,p,p,,,nao_informado,ATLAS,,CERN,['producao_de_bosons'],2022,
4060,,,,,nao_informado,,RHIC,BNL,"['supressao', 'espectro_de_particulas']",2018,
4061,C,p,400,GeV/c,energia_de_feixe,,,Fermilab,"['espectro_de_particulas', 'multiplicidade']",2014,True
4064,Pb,Pb,2.76,TeV,sqrt_s_NN,CMS,,CERN,"['supressao', 'espectro_de_particulas']",2011,True
4064,p,p,2.76,TeV,sqrt_s_NN,CMS,,CERN,"['supressao', 'espectro_de_particulas']",2011,True
4066,p,p,,,nao_informado,,SppS,CERN,"['producao_de_hadrons', 'quarkonia']",2003,
4066,p,p,,,nao_informado,,Tevatron,Fermilab,"['producao_de_hadrons', 'quarkonia']",2003,
4070,p,p,,,nao_informado,ALICE,LHC,CERN,"['interferometria', 'multiplicidade']",2014,
4070,p,Pb,,,nao_informado,ALICE,LHC,CERN,"['interferometria', 'multiplicidade']",2014,
4070,Pb,Pb,,,nao_informado,ALICE,LHC,CERN,"['interferometria', 'multiplicidade']",2014,
4073,p,p,200,GeV,sqrt_s_NN,STAR,RHIC,BNL,"['spin_e_polarizacao', 'producao_de_jatos', 'producao_de_hadrons']",2007,True
4076,Au,Au,200,GeV,sqrt_s_NN,PHENIX,,BNL,"['correlacoes', 'geometria_colisao']",2026,True
4080,p,p,,,nao_informado,,LHC,CERN,"['multiplicidade', 'fenomenos_quirais_magneticos']",2016,
4082,Pb,Pb,,,nao_informado,ALICE,LHC,CERN,"['multiplicidade', 'espectro_de_particulas']",2024,
4088,d,Li,3.5,GeV/c,energia_de_feixe,SVD-2,Nuclotron,JINR,['sondas_eletromagneticas'],2016,True
4089,p,p,,,nao_informado,,LHC,CERN,['choque_espalhamento'],2011,
4089,Pb,Pb,,,nao_informado,,LHC,CERN,"['supressao', 'choque_espalhamento']",2011,
4094,C,p,1,AGeV,energia_de_feixe,BM@N,NICA-Nuclotron,Joint Institute for Nuclear Research,"['estranheza', 'correlacoes']",2019,True
4098,p,p,13,TeV,sqrt_s_NN,ALICE,,CERN,['correlacoes'],2023,True
4103,Au,Au,200,GeV,sqrt_s_NN,BRAHMS,,,['espectro_de_particulas'],2007,True
4104,Au,d,200,GeV,sqrt_s_NN,PHENIX,RHIC,BNL,"['quarkonia', 'geometria_colisao']",2005,True
4104,p,p,,,nao_informado,PHENIX,RHIC,BNL,['quarkonia'],2005,
4106,Au,Si,14.6,GeV/c,energia_de_feixe,E-802,Alternating Gradient Synchrotron,BNL,"['multiplicidade', 'correlacoes']",1996,True
4107,Au,O,,,nao_informado,,SPS,CERN,"['sondas_eletromagneticas', 'espectro_de_particulas', 'choque_espalhamento']",1994,
4107,Au,S,,,nao_informado,,SPS,CERN,"['sondas_eletromagneticas', 'espectro_de_particulas', 'choque_espalhamento']",1994,
4108,O,O,7,TeV,sqrt_s_NN,,LHC,CERN,"['espectro_de_particulas', 'fluxo', 'hidrodinamica_transporte', 'geometria_colisao']",2026,True
4110,C,p,17.3,GeV,sqrt_s_NN,,SPS,CERN,['espectro_de_particulas'],2021,True
4110,p,p,17.3,GeV,sqrt_s_NN,,SPS,CERN,['espectro_de_particulas'],2021,True
4112,Au,Au,7.7-200,GeV,sqrt_s_NN,STAR,RHIC,BNL,"['espectro_de_particulas', 'geometria_colisao', 'supressao']",2020,True
4118,p,p,,,nao_informado,ATLAS,,CERN,['tracking'],2026,
4120,p,p,,,nao_informado,PHENIX,RHIC,BNL,"['spin_e_polarizacao', 'neutrons_emissao_frontal']",2016,
4120,Al,p,,,nao_informado,PHENIX,RHIC,BNL,"['spin_e_polarizacao', 'neutrons_emissao_frontal']",2016,
4120,Au,p,,,nao_informado,PHENIX,RHIC,BNL,"['spin_e_polarizacao', 'neutrons_emissao_frontal']",2016,
4122,p,p,8,TeV,sqrt_s_NN,CMS,LHC,CERN,['muons_eletrons'],2015,True
4125,p,p,200,GeV,sqrt_s_NN,STAR,RHIC,BNL,"['spin_e_polarizacao', 'producao_de_hadrons', 'supressao', 'choque_espalhamento']",2009,True
4127,Pb,Pb,5.36,TeV,sqrt_s_NN,,LHC,CERN,"['fluxo', 'geometria_colisao', 'supressao', 'multiplicidade']",2026,True
4127,Pb,Pb,5.02,TeV,sqrt_s_NN,,LHC,CERN,"['fluxo', 'geometria_colisao', 'supressao', 'multiplicidade']",2026,True
4137,p,p,13,TeV,sqrt_s_NN,ATLAS,LHC,CERN,"['multiplicidade', 'tracking']",2017,True
4138,p,p,7,TeV,sqrt_s_NN,ATLAS,LHC,CERN,"['interacoes_hadronicas', 'tracking']",2016,True
4140,Au,Au,,,nao_informado,,RHIC,BNL,['quarkonia'],2006,
4142,Pb,p,8.16,TeV,sqrt_s_NN,CMS,,CERN,"['quarkonia', 'multiplicidade']",2025,True
4145,p,p,,,nao_informado,,LHC,CERN,['propriedades_de_jatos'],2023,
4146,Pb,p,5.02,TeV,sqrt_s_NN,ALICE,,CERN,"['propriedades_de_jatos', 'multiplicidade']",2023,True
4146,p,p,13,TeV,sqrt_s_NN,ALICE,,CERN,"['propriedades_de_jatos', 'multiplicidade']",2023,True
4153,Be,p,800,GeV,energia_de_feixe,E866,,Fermilab,['sondas_eletromagneticas'],2005,True
4153,Fe,p,800,GeV,energia_de_feixe,E866,,Fermilab,['sondas_eletromagneticas'],2005,True
4153,p,W,800,GeV,energia_de_feixe,E866,,Fermilab,['sondas_eletromagneticas'],2005,True
4155,p,p,,,nao_informado,,LHC,CERN,['correlacoes'],2026,
4157,Pb,p,8.16,TeV,sqrt_s_NN,CMS,LHC,CERN,['difracao'],2025,True
4158,p,p,13,TeV,sqrt_s_NN,ALICE,,CERN,['correlacoes'],2023,True
4159,Pb,Pb,,,nao_informado,,LHC,CERN,"['supressao', 'choque_espalhamento']",2022,
4159,p,p,,,nao_informado,,LHC,CERN,"['supressao', 'choque_espalhamento']",2022,
4160,p,p,200,GeV,sqrt_s_NN,PHENIX,RHIC,BNL,['spin_e_polarizacao'],2013,True
4161,p,p,7,TeV,sqrt_s_NN,LHCb,LHC,CERN,"['luminosidade', 'choque_espalhamento']",2012,True
4166,O,O,7,TeV,sqrt_s_NN,,LHC,CERN,"['supressao', 'espectro_de_particulas', 'geometria_colisao']",2024,True
4166,Pb,Pb,,,nao_informado,,LHC,CERN,"['supressao', 'espectro_de_particulas']",2024,
4167,p,p,,,nao_informado,ATLAS,LHC,CERN,['espectro_de_particulas'],2020,
4169,Au,Au,200,GeV,sqrt_s_NN,STAR,RHIC,BNL,"['fluxo', 'geometria_colisao']",2019,True
4169,Au,p,200,GeV,sqrt_s_NN,STAR,RHIC,BNL,['fluxo'],2019,True
4169,Au,d,200,GeV,sqrt_s_NN,STAR,RHIC,BNL,['fluxo'],2019,True
4171,Au,Au,200,GeV,sqrt_s_NN,STAR,RHIC,BNL,"['correlacoes', 'fenomenos_quirais_magneticos']",2014,True
4171,Au,Au,39,GeV,sqrt_s_NN,STAR,RHIC,BNL,"['correlacoes', 'fenomenos_quirais_magneticos']",2014,True
4172,p,p,,,nao_informado,LHCf,LHC,CERN,['espectro_de_particulas'],2026,
4173,p,p,200,GeV,sqrt_s_NN,STAR,,BNL,['propriedades_de_jatos'],2024,True
4174,p,p,0.9,TeV,sqrt_s_NN,CMS,,CERN,"['fluxo', 'espectro_de_particulas']",2024,True
4174,p,p,2.36,TeV,sqrt_s_NN,CMS,,CERN,"['fluxo', 'espectro_de_particulas']",2024,True
4174,p,p,7,TeV,sqrt_s_NN,CMS,,CERN,"['fluxo', 'espectro_de_particulas']",2024,True
4175,p,p,13,TeV,sqrt_s_NN,,LHC,CERN,"['flutuacoes', 'correlacoes', 'multiplicidade']",2024,True
4175,p,p,7,TeV,sqrt_s_NN,,LHC,CERN,"['flutuacoes', 'correlacoes', 'multiplicidade']",2024,True
4175,p,p,5.02,TeV,sqrt_s_NN,,LHC,CERN,"['flutuacoes', 'correlacoes', 'multiplicidade']",2024,True
4175,p,p,2.76,TeV,sqrt_s_NN,,LHC,CERN,"['flutuacoes', 'correlacoes', 'multiplicidade']",2024,True
4178,p,p,,,nao_informado,,LHC,CERN,"['correlacoes', 'geometria_colisao']",2022,
4180,p,p,2.76,TeV,sqrt_s_NN,LHCb,LHC,CERN,['choque_espalhamento'],2014,True
4180,p,p,7,TeV,sqrt_s_NN,LHCb,LHC,CERN,['choque_espalhamento'],2014,True
4180,p,p,8,TeV,sqrt_s_NN,LHCb,LHC,CERN,['choque_espalhamento'],2014,True
4180,Pb,p,5,TeV,sqrt_s_NN,LHCb,LHC,CERN,['choque_espalhamento'],2014,True
4181,Au,Au,,,nao_informado,,RHIC,BNL,"['quarkonia', 'fluxo']",2012,
4185,p,p,13.6,TeV,sqrt_s_NN,FASER,LHC,CERN,['sondas_eletromagneticas'],2025,True
4187,p,p,13,TeV,sqrt_s_NN,ALICE,LHC,CERN,"['correlacoes', 'quarkonia']",2019,True
4187,p,p,7,TeV,sqrt_s_NN,ALICE,LHC,CERN,"['correlacoes', 'quarkonia']",2019,True
4188,p,p,,,nao_informado,ATLAS,LHC,CERN,"['choque_espalhamento', 'producao_de_jatos', 'sondas_eletromagneticas']",2016,
4188,p,p,,,nao_informado,CMS,LHC,CERN,"['choque_espalhamento', 'producao_de_jatos', 'sondas_eletromagneticas']",2016,
4192,Pb,Pb,158,GeV,energia_de_feixe,,SPS,CERN,"['espectro_de_particulas', 'producao_de_hadrons']",1998,True
4192,Au,Au,200,GeV,sqrt_s_NN,,RHIC,BNL,"['espectro_de_particulas', 'producao_de_hadrons']",1998,True
4194,p,p,13,TeV,sqrt_s_NN,ATLAS,LHC,CERN,"['producao_de_bosons', 'choque_espalhamento']",2020,True
4196,p,p,,,nao_informado,COMPASS,LHC,CERN,"['producao_de_hadrons', 'choque_espalhamento']",2015,
4199,p,p,14,TeV,sqrt_s_NN,,HL-LHC,CERN,['higgs'],2025,True
4199,p,p,27,TeV,sqrt_s_NN,,HE-LHC,CERN,['higgs'],2025,True
4199,p,p,100,TeV,sqrt_s_NN,,FCC-hh,CERN,['higgs'],2025,True
4203,Au,Au,200,GeV,sqrt_s_NN,STAR,,BNL,"['fluxo', 'geometria_colisao', 'multiplicidade']",2014,True
4203,U,U,193,GeV,sqrt_s_NN,STAR,,BNL,"['fluxo', 'geometria_colisao', 'multiplicidade']",2014,True
4205,p,p,,,nao_informado,LHCb,,CERN,['caracterizacao_de_detector'],2025,
4207,p,p,13,TeV,sqrt_s_NN,ATLAS,LHC,CERN,"['quarkonia', 'propriedades_de_jatos']",2019,True
4210,p,p,7,TeV,sqrt_s_NN,ALICE,,CERN,['sondas_eletromagneticas'],2014,True
4210,Pb,p,5.02,TeV,sqrt_s_NN,ALICE,,CERN,['sondas_eletromagneticas'],2014,True
4210,Pb,Pb,2.76,TeV,sqrt_s_NN,ALICE,,CERN,['sondas_eletromagneticas'],2014,True
4211,p,p,7,TeV,sqrt_s_NN,ALICE,,CERN,['quarkonia'],2013,True
4222,Au,Au,,,nao_informado,"STAR, PHENIX",RHIC,BNL,"['espectro_de_particulas', 'fluxo', 'geometria_colisao']",2020,
4222,p,p,,,nao_informado,"STAR, PHENIX",RHIC,BNL,"['espectro_de_particulas', 'fluxo', 'geometria_colisao']",2020,
4222,Pb,Pb,,,nao_informado,ALICE,LHC,CERN,"['espectro_de_particulas', 'fluxo', 'geometria_colisao']",2020,
4222,p,p,,,nao_informado,ALICE,LHC,CERN,"['espectro_de_particulas', 'fluxo', 'geometria_colisao']",2020,
4227,p,p,1,TeV,sqrt_s_NN,,LHC,CERN,"['choque_espalhamento', 'correlacoes']",2005,True
4227,p,p,14,TeV,sqrt_s_NN,,LHC,CERN,"['choque_espalhamento', 'quarkonia']",2005,True
4229,p,p,,,nao_informado,,RHIC,BNL,"['correlacoes', 'fluxo']",2016,
4229,p,p,,,nao_informado,,LHC,CERN,"['correlacoes', 'fluxo']",2016,
4230,Pb,Pb,,,nao_informado,ALICE,,CERN,"['quarkonia', 'fluxo']",2013,
4246,Pb,p,8.8,TeV,sqrt_s_NN,,LHC,CERN,"['choque_espalhamento', 'quarkonia']",2018,True
4246,Pb,p,63,TeV,sqrt_s_NN,,FCC,CERN,"['choque_espalhamento', 'quarkonia']",2018,True
4248,p,p,900,GeV,sqrt_s_NN,LHCf,LHC,CERN,['neutrons_emissao_frontal'],2014,True
4248,p,p,2.76,TeV,sqrt_s_NN,LHCf,LHC,CERN,['neutrons_emissao_frontal'],2014,True
4248,p,p,7,TeV,sqrt_s_NN,LHCf,LHC,CERN,['neutrons_emissao_frontal'],2014,True
4248,Pb,p,5.02,TeV,sqrt_s_NN,LHCf,LHC,CERN,['neutrons_emissao_frontal'],2014,True
4248,p,p,13,TeV,sqrt_s_NN,LHCf,LHC,CERN,['neutrons_emissao_frontal'],2014,True
4250,p,p,7,TeV,sqrt_s_NN,CMS,LHC,CERN,"['choque_espalhamento', 'quarkonia']",2010,True
4257,U,U,,,nao_informado,,RHIC,BNL,['fluxo'],2023,
4260,Pb,Pb,2.76,TeV,sqrt_s_NN,CMS,LHC,CERN,"['supressao', 'geometria_colisao']",2012,True
4260,p,p,,,nao_informado,CMS,LHC,CERN,['supressao'],2012,
4261,Ar,Sc,,,nao_informado,,SPS,CERN,"['interferometria', 'espectro_de_particulas', 'geometria_colisao']",2026,
4263,p,p,,,nao_informado,LHCb,,CERN,"['quarkonia', 'choque_espalhamento']",2026,
4265,p,p,,GeV,sqrt_s_NN,NA61/SHINE,SPS,CERN,['correlacoes'],2025,
4265,p,Pb,,GeV,sqrt_s_NN,NA61/SHINE,SPS,CERN,['correlacoes'],2025,
4265,Be,Be,,GeV,sqrt_s_NN,NA61/SHINE,SPS,CERN,['correlacoes'],2025,
4265,Ar,Sc,,GeV,sqrt_s_NN,NA61/SHINE,SPS,CERN,['correlacoes'],2025,
4265,La,Xe,,GeV,sqrt_s_NN,NA61/SHINE,SPS,CERN,['correlacoes'],2025,
4265,Pb,Pb,,GeV,sqrt_s_NN,NA61/SHINE,SPS,CERN,['correlacoes'],2025,
4268,p,p,8,TeV,sqrt_s_NN,ATLAS,LHC,CERN,['neutrinos'],2019,True
4268,p,p,13,TeV,sqrt_s_NN,ATLAS,LHC,CERN,['neutrinos'],2019,True
4268,p,p,14,TeV,sqrt_s_NN,ATLAS,LHC,CERN,['neutrinos'],2019,True
4268,p,p,33,TeV,sqrt_s_NN,ATLAS,LHC,CERN,['neutrinos'],2019,True
4274,p,p,,,nao_informado,,Tevatron,Fermilab,"['difracao', 'producao_de_jatos', 'quarkonia']",2001,
4277,Pb,Pb,2.76,TeV,sqrt_s_NN,ALICE,LHC,CERN,"['espectro_de_particulas', 'fluxo', 'geometria_colisao']",2026,True
4277,Pb,Pb,5.02,TeV,sqrt_s_NN,ALICE,LHC,CERN,"['espectro_de_particulas', 'fluxo', 'geometria_colisao']",2026,True
4281,p,p,13,TeV,sqrt_s_NN,CMS,LHC,CERN,"['quarkonia', 'choque_espalhamento']",2023,True
4282,p,p,,,nao_informado,ALICE,LHC,CERN,"['correlacoes', 'fluxo', 'multiplicidade']",2022,
4283,O,p,,,nao_informado,,LHC,CERN,"['observaveis_de_chuveiro_aereo', 'efeitos_nucleares']",2021,
4283,p,p,,,nao_informado,,LHC,CERN,"['observaveis_de_chuveiro_aereo', 'efeitos_nucleares']",2021,
4283,Pb,p,,,nao_informado,,LHC,CERN,"['observaveis_de_chuveiro_aereo', 'efeitos_nucleares']",2021,
4289,Au,p,,,nao_informado,,RHIC,BNL,"['espectro_de_particulas', 'fluxo', 'flutuacoes', 'geometria_colisao']",2017,
4289,Au,d,,,nao_informado,,RHIC,BNL,"['espectro_de_particulas', 'fluxo', 'flutuacoes', 'geometria_colisao']",2017,
4289,Au,He-3,,,nao_informado,,RHIC,BNL,"['espectro_de_particulas', 'fluxo', 'flutuacoes', 'geometria_colisao']",2017,
4289,Pb,p,,,nao_informado,,LHC,CERN,"['espectro_de_particulas', 'fluxo', 'flutuacoes', 'geometria_colisao']",2017,
4291,p,p,8,TeV,sqrt_s_NN,,LHC,CERN,"['multiplicidade', 'espectro_de_particulas']",2017,True
4295,p,p,,,nao_informado,,SPS,CERN,"['espectro_de_particulas', 'fluxo', 'supressao']",2001,
4299,Au,Au,3,GeV,sqrt_s_NN,STAR,RHIC,BNL,"['estranheza', 'geometria_colisao', 'espectro_de_particulas']",2022,True
4300,p,p,100,TeV,sqrt_s_NN,,FCC-hh,CERN,"['higgs', 'choque_espalhamento']",2019,True
4305,p,p,13,TeV,sqrt_s_NN,CMS,LHC,CERN,['exoticos'],2018,True
4311,Pb,Pb,,,nao_informado,ATLAS,,CERN,"['supressao', 'propriedades_de_jatos']",2022,
4311,p,p,,,nao_informado,ATLAS,,CERN,"['supressao', 'propriedades_de_jatos']",2022,
4312,p,p,13,TeV,sqrt_s_NN,ALICE,,CERN,"['correlacoes', 'quarkonia', 'multiplicidade']",2022,True
4319,p,p,200,GeV,sqrt_s_NN,PHENIX,,BNL,['correlacoes'],2019,True
4319,A1,p,200,GeV,sqrt_s_NN,PHENIX,,BNL,['correlacoes'],2019,True
4319,Au,p,200,GeV,sqrt_s_NN,PHENIX,,BNL,['correlacoes'],2019,True
4322,p,p,,,nao_informado,LHCb,LHC,CERN,['luminosidade'],2026,
4322,Pb,Pb,,,nao_informado,LHCb,LHC,CERN,['luminosidade'],2026,
4325,p,p,,,nao_informado,,LHC,CERN,"['multiplicidade', 'hidrodinamica_transporte', 'energia_transversa_densidade']",2021,
4325,Pb,p,,,nao_informado,,LHC,CERN,"['multiplicidade', 'hidrodinamica_transporte', 'energia_transversa_densidade']",2021,
4325,Xe,Xe,,,nao_informado,,LHC,CERN,"['multiplicidade', 'hidrodinamica_transporte', 'energia_transversa_densidade']",2021,
4325,Pb,Pb,,,nao_informado,,LHC,CERN,"['multiplicidade', 'hidrodinamica_transporte', 'energia_transversa_densidade']",2021,
4326,p,p,2.76,TeV,sqrt_s_NN,ATLAS,LHC,CERN,"['producao_de_jatos', 'espectro_de_particulas']",2018,True
4326,p,p,7,TeV,sqrt_s_NN,ATLAS,LHC,CERN,"['producao_de_jatos', 'espectro_de_particulas']",2018,True
4326,p,p,13,TeV,sqrt_s_NN,ATLAS,LHC,CERN,"['producao_de_jatos', 'espectro_de_particulas']",2018,True
4326,p,pbar,1.96,TeV,sqrt_s_NN,CDF,Tevatron,Fermilab,"['producao_de_jatos', 'espectro_de_particulas']",2018,True
4326,Pb,p,5.02,TeV,sqrt_s_NN,ATLAS,LHC,CERN,"['producao_de_jatos', 'espectro_de_particulas']",2018,True
4327,p,p,13,TeV,sqrt_s_NN,ATLAS,LHC,CERN,['caracterizacao_de_material'],2017,True
4328,Au,Au,19.6,GeV,sqrt_s_NN,,RHIC,BNL,['flutuacoes'],2016,True
4328,Au,Au,27,GeV,sqrt_s_NN,,RHIC,BNL,['flutuacoes'],2016,True
4338,p,p,,,nao_informado,ATLAS,LHC,CERN,['espectro_de_particulas'],2012,
4343,Ag,Ag,1.23,GeV,energia_de_feixe,HADES,,GSI,"['geometria_colisao', 'fluxo', 'producao_de_hadrons']",2023,True
4343,Au,Au,1.23,GeV,energia_de_feixe,HADES,,GSI,"['geometria_colisao', 'fluxo', 'producao_de_hadrons']",2023,True
4346,p,p,,,nao_informado,,LHC,CERN,['tracking'],2019,
4348,p,Pb,,,nao_informado,,LHC,CERN,['partons_pdfs'],2017,
4349,p,p,,,nao_informado,,LHC,CERN,['quarkonia'],2013,
4351,Mg,Mg,4.3,GeV/c,energia_de_feixe,GIBS,,,"['producao_de_hadrons', 'multiplicidade', 'fluxo', 'geometria_colisao']",1996,True
4352,p,p,500,GeV,sqrt_s_NN,STAR,,BNL,"['quarkonia', 'choque_espalhamento', 'multiplicidade']",2025,True
4355,p,p,14,TeV,sqrt_s_NN,,LHC,CERN,['sondas_eletromagneticas'],2017,True
4356,Au,Au,200,GeV,sqrt_s_NN,STAR,RHIC,BNL,"['fluxo', 'quarkonia', 'supressao', 'estranheza']",2014,True
4356,Au,Au,,,nao_informado,STAR,RHIC,BNL,"['fluxo', 'estranheza', 'flutuacoes', 'quarkonia']",2014,
4358,p,p,,,nao_informado,STAR,RHIC,BNL,['spin_e_polarizacao'],2026,
4361,p,p,13,TeV,sqrt_s_NN,ALICE,,CERN,['correlacoes'],2023,True
4363,Au,Au,7.7,GeV,energia_de_feixe,STAR,RHIC,BNL,"['correlacoes', 'geometria_colisao', 'interferometria']",2019,True
4363,Au,Au,200,GeV,energia_de_feixe,STAR,RHIC,BNL,"['correlacoes', 'geometria_colisao', 'interferometria']",2019,True
4364,p,Pb,5.02,TeV,sqrt_s_NN,ATLAS,LHC,CERN,"['supressao', 'geometria_colisao']",2014,True
4365,Pb,Pb,2.76,TeV,sqrt_s_NN,ALICE,LHC,CERN,"['espectro_de_particulas', 'fluxo', 'supressao', 'estranheza']",2025,True
4365,Pb,Pb,5.02,TeV,sqrt_s_NN,ALICE,LHC,CERN,"['espectro_de_particulas', 'fluxo', 'supressao', 'estranheza']",2025,True
4368,p,p,0.9,TeV,sqrt_s_NN,,LHC,CERN,"['espectro_de_particulas', 'multiplicidade', 'flutuacoes']",2019,True
4368,p,p,2.76,TeV,sqrt_s_NN,,LHC,CERN,"['espectro_de_particulas', 'multiplicidade', 'flutuacoes']",2019,True
4368,p,p,7.0,TeV,sqrt_s_NN,,LHC,CERN,"['espectro_de_particulas', 'multiplicidade', 'flutuacoes']",2019,True
4369,Pb,Pb,2.76,TeV,sqrt_s_NN,ALICE,,CERN,"['multiplicidade', 'antimateria_nucleos_leves']",2019,True
4372,S,S,200,GeV,energia_de_feixe,,SPS,CERN,"['flutuacoes', 'correlacoes']",1994,True
4372,Au,S,200,GeV,energia_de_feixe,,SPS,CERN,"['flutuacoes', 'correlacoes']",1994,True
4376,p,p,100,TeV,sqrt_s_NN,,FCC,CERN,"['nova_fisica', 'producao_de_hadrons']",2020,True
4379,p,p,13,TeV,sqrt_s_NN,ATLAS,LHC,CERN,['nova_fisica'],2025,True
4381,Pb,Pb,2.76,TeV,sqrt_s_NN,ALICE,LHC,CERN,"['espectro_de_particulas', 'geometria_colisao']",2021,True
4381,p,Pb,5.02,TeV,sqrt_s_NN,ALICE,LHC,CERN,"['espectro_de_particulas', 'geometria_colisao']",2021,True
4381,Xe,Xe,5.44,TeV,sqrt_s_NN,ALICE,LHC,CERN,"['espectro_de_particulas', 'geometria_colisao']",2021,True
4381,p,p,0.9,TeV,sqrt_s_NN,ALICE,LHC,CERN,['espectro_de_particulas'],2021,True
4381,p,p,2.76,TeV,sqrt_s_NN,ALICE,LHC,CERN,['espectro_de_particulas'],2021,True
4381,p,p,5.02,TeV,sqrt_s_NN,ALICE,LHC,CERN,['espectro_de_particulas'],2021,True
4381,p,p,7,TeV,sqrt_s_NN,ALICE,LHC,CERN,['espectro_de_particulas'],2021,True
4381,p,p,13,TeV,sqrt_s_NN,ALICE,LHC,CERN,['espectro_de_particulas'],2021,True
4385,Pb,Pb,2.76,TeV,sqrt_s_NN,,LHC,CERN,"['correlacoes', 'supressao', 'geometria_colisao']",2016,True
4390,Pb,Pb,2.76,TeV,sqrt_s_NN,ALICE,LHC,CERN,"['producao_de_hadrons', 'espectro_de_particulas', 'fluxo']",2014,True
4391,p,p,,,nao_informado,CMS,LHC,CERN,"['multiplicidade', 'flutuacoes']",2012,
4392,p,p,,,nao_informado,,LHC,CERN,"['quarkonia', 'correlacoes']",2007,
4392,p,p,,,nao_informado,,Tevatron,Fermilab,"['quarkonia', 'correlacoes']",2007,
4393,Ag,O,200,GeV/c,energia_de_feixe,WA80,,CERN,"['energia_transversa_densidade', 'multiplicidade', 'geometria_colisao']",1997,True
4393,Ag,S,200,GeV/c,energia_de_feixe,WA80,,CERN,"['energia_transversa_densidade', 'multiplicidade', 'geometria_colisao']",1997,True
4393,S,W,200,GeV/c,energia_de_feixe,HELIOS,,CERN,"['energia_transversa_densidade', 'multiplicidade', 'geometria_colisao']",1997,True
4393,Ag,p,200,GeV/c,energia_de_feixe,,,CERN,"['energia_transversa_densidade', 'multiplicidade', 'geometria_colisao']",1997,True
4397,Au,Au,200,GeV,sqrt_s_NN,STAR,RHIC,BNL,"['fluxo', 'flutuacoes']",2021,True
4397,Au,Au,7,GeV,sqrt_s_NN,STAR,RHIC,BNL,"['fluxo', 'flutuacoes']",2021,True
4398,Au,Au,7.7,GeV,sqrt_s_NN,STAR,RHIC,BNL,"['producao_de_hadrons', 'geometria_colisao']",2021,True
4398,Au,Au,11.5,GeV,sqrt_s_NN,STAR,RHIC,BNL,"['producao_de_hadrons', 'geometria_colisao']",2021,True
4398,Au,Au,14.5,GeV,sqrt_s_NN,STAR,RHIC,BNL,"['producao_de_hadrons', 'geometria_colisao']",2021,True
4398,Au,Au,19.6,GeV,sqrt_s_NN,STAR,RHIC,BNL,"['producao_de_hadrons', 'geometria_colisao']",2021,True
4398,Au,Au,27,GeV,sqrt_s_NN,STAR,RHIC,BNL,"['producao_de_hadrons', 'geometria_colisao']",2021,True
4398,Au,Au,39,GeV,sqrt_s_NN,STAR,RHIC,BNL,"['producao_de_hadrons', 'geometria_colisao']",2021,True
4398,Au,Au,54.4,GeV,sqrt_s_NN,STAR,RHIC,BNL,"['producao_de_hadrons', 'geometria_colisao']",2021,True
4398,Au,Au,62.4,GeV,sqrt_s_NN,STAR,RHIC,BNL,"['producao_de_hadrons', 'geometria_colisao']",2021,True
4398,Au,Au,200,GeV,sqrt_s_NN,STAR,RHIC,BNL,"['producao_de_hadrons', 'geometria_colisao']",2021,True
4400,p,p,,,nao_informado,LHCb,LHC,CERN,['producao_de_hadrons'],2017,
4402,Au,Au,73,GeV,sqrt_s_NN,STAR,RHIC,BNL,"['producao_de_hadrons', 'fluxo', 'geometria_colisao', 'espectro_de_particulas']",2014,True
4402,Au,Au,11.5,GeV,sqrt_s_NN,STAR,RHIC,BNL,"['producao_de_hadrons', 'fluxo', 'geometria_colisao', 'espectro_de_particulas']",2014,True
4402,Au,Au,19.6,GeV,sqrt_s_NN,STAR,RHIC,BNL,"['producao_de_hadrons', 'fluxo', 'geometria_colisao', 'espectro_de_particulas']",2014,True
4402,Au,Au,27,GeV,sqrt_s_NN,STAR,RHIC,BNL,"['producao_de_hadrons', 'fluxo', 'geometria_colisao', 'espectro_de_particulas']",2014,True
4402,Au,Au,39,GeV,sqrt_s_NN,STAR,RHIC,BNL,"['producao_de_hadrons', 'fluxo', 'geometria_colisao', 'espectro_de_particulas']",2014,True
4406,Au,Au,,,nao_informado,STAR,RHIC,BNL,"['espectro_de_particulas', 'fluxo', 'geometria_colisao']",2021,
4406,p,p,,,nao_informado,STAR,RHIC,BNL,"['espectro_de_particulas', 'fluxo', 'geometria_colisao']",2021,
4406,Pb,Pb,,,nao_informado,ALICE,LHC,CERN,"['espectro_de_particulas', 'fluxo', 'geometria_colisao']",2021,
4406,p,p,,,nao_informado,ALICE,LHC,CERN,"['espectro_de_particulas', 'fluxo', 'geometria_colisao']",2021,
4407,p,p,,,nao_informado,,LHC,CERN,"['producao_de_hadrons', 'espectro_de_particulas', 'spin_e_polarizacao']",2021,
4407,Pb,p,,,nao_informado,,LHC,CERN,"['producao_de_hadrons', 'supressao']",2021,
4407,Xe,Xe,,,nao_informado,,LHC,CERN,"['producao_de_hadrons', 'espectro_de_particulas']",2021,
4407,Pb,Pb,,,nao_informado,,LHC,CERN,"['producao_de_hadrons', 'supressao', 'spin_e_polarizacao']",2021,
4410,p,p,100,TeV,sqrt_s_NN,,FCC,CERN,['producao_de_hadrons'],2018,True
4412,p,p,8,TeV,sqrt_s_NN,ATLAS,LHC,CERN,"['producao_de_bosons', 'producao_de_jatos']",2015,True
4415,Ar,Pb,300,MeV/u,energia_de_feixe,,,GSI,"['hidrodinamica_transporte', 'termodinamica_equacao_de_estado']",2001,True
4416,Au,Au,200,GeV,sqrt_s_NN,PHENIX,,BNL,"['sondas_eletromagneticas', 'geometria_colisao']",2026,True
4420,p,p,7,TeV,sqrt_s_NN,ATLAS,,CERN,"['quarkonia', 'choque_espalhamento', 'estranheza']",2021,True
4421,p,p,,,nao_informado,ATLAS,LHC,CERN,['reconstrucao_de_jatos'],2015,
4421,p,p,,,nao_informado,CMS,LHC,CERN,['reconstrucao_de_jatos'],2015,
4423,p,p,,,nao_informado,,LHC,CERN,"['choque_espalhamento', 'producao_de_jatos']",2010,
4424,In,In,158A,GeV,energia_de_feixe,NA60,SPS,CERN,"['sondas_eletromagneticas', 'spin_e_polarizacao', 'espectro_de_particulas']",2009,True
4426,3He,Au,,,nao_informado,,RHIC,BNL,"['fluxo', 'geometria_colisao']",2026,
4426,Au,p,,,nao_informado,,RHIC,BNL,"['fluxo', 'geometria_colisao']",2026,
4428,p,p,,,nao_informado,,RHIC,BNL,"['espectro_de_particulas', 'estranheza', 'quarkonia', 'supressao']",2020,
4428,p,p,,,nao_informado,,Tevatron,Fermilab,"['espectro_de_particulas', 'estranheza', 'quarkonia', 'supressao']",2020,
4428,p,p,,,nao_informado,,LHC,CERN,"['espectro_de_particulas', 'estranheza', 'quarkonia', 'supressao']",2020,
4428,Au,Au,,,nao_informado,STAR,RHIC,BNL,['espectro_de_particulas'],2020,
4429,Au,Au,200,GeV,sqrt_s_NN,PHOBOS,,BNL,"['correlacoes', 'supressao', 'multiplicidade', 'geometria_colisao']",2009,True
4434,Au,Au,3,GeV,sqrt_s_NN,STAR,RHIC,BNL,"['fluxo', 'producao_de_hadrons']",2022,True
4439,Be,Xe,0.8,GeV,energia_de_feixe,FRS,SIS18,GSI,"['choque_espalhamento', 'espectros_contendo_distribuicoes']",1992,True
4439,Al,Au,1,GeV,energia_de_feixe,FRS,SIS18,GSI,"['choque_espalhamento', 'espectros_contendo_distribuicoes']",1992,True
4441,Pb,Pb,,,nao_informado,ALICE,LHC,CERN,['multiplicidade'],2026,
4442,Ar,p,,,nao_informado,LHCb,,CERN,['pid'],2022,
4442,He,p,,,nao_informado,LHCb,,CERN,['pid'],2022,
4442,Ne,p,,,nao_informado,LHCb,,CERN,['pid'],2022,
4443,p,p,1.96,TeV,sqrt_s_NN,D0,,Fermilab,['choque_espalhamento'],2021,True
4443,p,p,2.76,TeV,sqrt_s_NN,TOTEM,,CERN,['choque_espalhamento'],2021,True
4443,p,p,7,TeV,sqrt_s_NN,TOTEM,,CERN,['choque_espalhamento'],2021,True
4443,p,p,8,TeV,sqrt_s_NN,TOTEM,,CERN,['choque_espalhamento'],2021,True
4443,p,p,13,TeV,sqrt_s_NN,TOTEM,,CERN,['choque_espalhamento'],2021,True
4444,p,p,,,nao_informado,,LHC,CERN,"['antimateria_nucleos_leves', 'fluxo']",2020,
4444,Pb,p,,,nao_informado,,LHC,CERN,"['antimateria_nucleos_leves', 'fluxo']",2020,
4444,Pb,Pb,,,nao_informado,,LHC,CERN,"['antimateria_nucleos_leves', 'fluxo']",2020,
4444,Pb,Pb,5.02,TeV,sqrt_s_NN,,LHC,CERN,['fluxo'],2020,True
4447,Pb,Pb,,,nao_informado,NA50,SpS,CERN,"['multiplicidade', 'producao_de_hadrons']",1995,
4448,p,p,13,TeV,sqrt_s_NN,,LHC,CERN,"['quarkonia', 'multiplicidade', 'espectro_de_particulas']",2026,True
4450,Ru,Ru,,,nao_informado,STAR,,BNL,"['fluxo', 'geometria_colisao']",2022,
4450,Zr,Zr,,,nao_informado,STAR,,BNL,"['fluxo', 'geometria_colisao']",2022,
4452,p,p,200,GeV,sqrt_s_NN,,RHIC,BNL,"['spin_e_polarizacao', 'neutrons_emissao_frontal']",2017,True
4452,Al,p,200,GeV,sqrt_s_NN,PHENIX,RHIC,BNL,"['spin_e_polarizacao', 'neutrons_emissao_frontal']",2017,True
4452,Au,p,200,GeV,sqrt_s_NN,PHENIX,RHIC,BNL,"['spin_e_polarizacao', 'neutrons_emissao_frontal']",2017,True
4453,p,p,13.6,TeV,sqrt_s_NN,CMS,,CERN,['luminosidade'],2025,True
4455,p,p,,,nao_informado,,LHC,CERN,['multiplicidade'],2017,
4459,Pb,Pb,5.02,TeV,sqrt_s_NN,,LHC,CERN,"['fluxo', 'espectro_de_particulas']",2023,True
4461,p,p,,,nao_informado,,LHC,CERN,"['multiplicidade', 'espectro_de_particulas']",2021,
4464,Pb,Pb,,,nao_informado,ALICE,,CERN,['supressao'],2017,
4464,Pb,p,,,nao_informado,ALICE,,CERN,['supressao'],2017,
4464,p,p,,,nao_informado,ALICE,,CERN,['supressao'],2017,
4465,Pb,Pb,2.76,TeV,sqrt_s_NN,CMS,,CERN,"['supressao', 'correlacoes', 'multiplicidade']",2016,True
4465,p,p,2.76,TeV,sqrt_s_NN,CMS,,CERN,"['supressao', 'correlacoes', 'multiplicidade']",2016,True
4466,p,p,,,nao_informado,,LHC,CERN,['espectro_de_particulas'],2015,
4469,p,p,,,nao_informado,ALICE,LHC,CERN,['correlacoes'],2024,
4470,p,p,0.9,TeV,sqrt_s_NN,ALICE,LHC,CERN,"['correlacoes', 'geometria_colisao']",2023,True
4470,p,p,7,TeV,sqrt_s_NN,ALICE,LHC,CERN,"['correlacoes', 'geometria_colisao']",2023,True
4473,C,d,4.2,GeV/c,energia_de_feixe,,,JINR,"['freezeout_temperatura', 'espectro_de_particulas']",2022,True
4475,p,p,1.96,TeV,sqrt_s_NN,"CDF, D0",Tevatron,Fermilab,"['quarkonia', 'top_quark']",2009,True
4477,p,p,7,TeV,sqrt_s_NN,LHCb,LHC,CERN,['choque_espalhamento'],2015,True
4483,p,p,,,nao_informado,ATLAS,LHC,CERN,['espectro_de_particulas'],2017,
4488,p,p,,,nao_informado,,U-70,IHEP,"['choque_espalhamento', 'multiplicidade', 'flutuacoes', 'sondas_eletromagneticas']",2018,
4488,C,C,,,nao_informado,,Nuclotron,JINR,"['choque_espalhamento', 'multiplicidade', 'flutuacoes', 'sondas_eletromagneticas']",2018,
4489,p,p,,,nao_informado,,RHIC,BNL,"['correlacoes', 'supressao']",2017,
4501,Au,Au,,,nao_informado,,RHIC,BNL,['fluxo'],2023,
4501,Pb,d,,,nao_informado,,LHC,CERN,"['fluxo', 'quarkonia']",2023,
4501,Pb,p,,,nao_informado,,LHC,CERN,"['fluxo', 'quarkonia']",2023,
4502,p,p,0.2,TeV,sqrt_s_NN,STAR,RHIC,BNL,"['estranheza', 'espectro_de_particulas']",2023,True
4502,p,p,0.9,TeV,sqrt_s_NN,STAR,RHIC,BNL,"['estranheza', 'espectro_de_particulas']",2023,True
4502,p,p,7,TeV,sqrt_s_NN,LHCb,LHC,CERN,"['estranheza', 'espectro_de_particulas']",2023,True
4505,p,p,,,nao_informado,,LHC,CERN,"['sondas_eletromagneticas', 'producao_de_hadrons']",2016,
4507,p,p,,,nao_informado,,RHIC,BNL,"['correlacoes', 'supressao']",2005,
4516,p,p,13,TeV,sqrt_s_NN,CMS,LHC,CERN,"['choque_espalhamento', 'sondas_eletromagneticas']",2025,True
4517,Au,Au,200,GeV,sqrt_s_NN,STAR,RHIC,BNL,"['barions_stopping', 'propriedades_de_jatos', 'correlacoes']",2025,True
4517,p,p,200,GeV,sqrt_s_NN,STAR,RHIC,BNL,"['barions_stopping', 'propriedades_de_jatos', 'correlacoes']",2025,True
4520,C,d,,,nao_informado,,,JINR,['espectro_de_particulas'],2020,
4521,p,p,7,TeV,sqrt_s_NN,CMS,LHC,CERN,['muons_eletrons'],2012,True
4523,p,p,0.9,TeV,sqrt_s_NN,ALICE,LHC,CERN,"['correlacoes', 'multiplicidade']",2011,True
4523,p,p,7,TeV,sqrt_s_NN,ALICE,LHC,CERN,"['correlacoes', 'multiplicidade']",2011,True
4525,Pb,Pb,5.02,TeV,sqrt_s_NN,ALICE,LHC,CERN,"['multiplicidade', 'geometria_colisao']",2023,True
4525,Pb,p,5.02,TeV,sqrt_s_NN,ALICE,LHC,CERN,"['multiplicidade', 'sondas_eletromagneticas']",2023,True
4525,p,p,5.02,TeV,sqrt_s_NN,ALICE,LHC,CERN,['multiplicidade'],2023,True
4525,p,p,0.9,TeV,sqrt_s_NN,ALICE,LHC,CERN,['multiplicidade'],2023,True
4528,Pb,Pb,5.02,TeV,sqrt_s_NN,,LHC,CERN,"['geometria_colisao', 'fluxo']",2021,True
4530,p,p,,,nao_informado,STAR,,,['correlacoes'],2015,
4533,p,p,,,nao_informado,,LHC,CERN,['nova_fisica'],2024,
4536,Au,d,200,GeV,sqrt_s_NN,PHENIX,RHIC,BNL,"['correlacoes', 'choque_espalhamento', 'espectro_de_particulas']",2011,True
4544,Pb,Pb,,,nao_informado,CMS,,CERN,"['supressao', 'correlacoes']",2025,
4544,p,p,,,nao_informado,CMS,,CERN,"['supressao', 'correlacoes']",2025,
4547,p,p,,,nao_informado,,LHC,CERN,['choque_espalhamento'],2019,
4550,p,p,13,TeV,sqrt_s_NN,,LHC,CERN,['choque_espalhamento'],2020,True
4550,p,p,14,TeV,sqrt_s_NN,,LHC,CERN,['choque_espalhamento'],2020,True
4550,p,p,27,TeV,sqrt_s_NN,,LHC,CERN,['choque_espalhamento'],2020,True
4550,p,p,100,TeV,sqrt_s_NN,,LHC,CERN,['choque_espalhamento'],2020,True
4554,Au,Au,400,MeV,energia_de_feixe,,,GSI,['fluxo'],2019,True
4566,Au,Au,,,nao_informado,PHENIX,,BNL,"['espectro_de_particulas', 'fluxo']",2016,
4566,Cu,Cu,,,nao_informado,STAR,,BNL,"['espectro_de_particulas', 'fluxo']",2016,
4566,Pb,Pb,,,nao_informado,ALICE,,CERN,"['espectro_de_particulas', 'fluxo']",2016,
4566,p,Pb,,,nao_informado,CMS,,CERN,"['espectro_de_particulas', 'fluxo']",2016,
4566,p,p,,,nao_informado,ALICE,,CERN,"['espectro_de_particulas', 'fluxo']",2016,
4573,Pb,Pb,5.02,TeV,sqrt_s_NN,CMS,,CERN,"['fluxo', 'quarkonia', 'geometria_colisao']",2025,True
4576,Au,Au,7.7,GeV,sqrt_s_NN,,RHIC,BNL,"['espectro_de_particulas', 'geometria_colisao', 'freezeout_temperatura']",2022,True
4576,Au,Au,14.5,GeV,sqrt_s_NN,,RHIC,BNL,"['espectro_de_particulas', 'geometria_colisao', 'freezeout_temperatura']",2022,True
4576,Au,Au,39,GeV,sqrt_s_NN,,RHIC,BNL,"['espectro_de_particulas', 'geometria_colisao', 'freezeout_temperatura']",2022,True
4585,Pb,Pb,2.76,TeV,sqrt_s_NN,ALICE,LHC,CERN,"['quarkonia', 'espectro_de_particulas']",2014,True
4585,Pb,p,5.02,TeV,sqrt_s_NN,ALICE,LHC,CERN,['quarkonia'],2014,True
4585,p,p,,,nao_informado,ALICE,LHC,CERN,['quarkonia'],2014,
4589,p,p,,,nao_informado,ALICE,,CERN,"['producao_de_hadrons', 'quarkonia']",2021,
4590,C,C,0.2,TeV,sqrt_s_NN,,RHIC,BNL,"['fluxo', 'multiplicidade', 'correlacoes']",2020,True
4590,O,O,0.2,TeV,sqrt_s_NN,,RHIC,BNL,"['fluxo', 'multiplicidade', 'correlacoes']",2020,True
4590,Al,Al,0.2,TeV,sqrt_s_NN,,RHIC,BNL,"['fluxo', 'multiplicidade', 'correlacoes']",2020,True
4590,Ar,Ar,0.2,TeV,sqrt_s_NN,,RHIC,BNL,"['fluxo', 'multiplicidade', 'correlacoes']",2020,True
4590,O,O,2.76,TeV,sqrt_s_NN,,LHC,CERN,"['fluxo', 'multiplicidade', 'correlacoes']",2020,True
4592,p,p,,,nao_informado,ALICE,,CERN,['pid'],2011,
4596,Au,Au,200,GeV,sqrt_s_NN,,RHIC,BNL,"['espectro_de_particulas', 'multiplicidade', 'producao_de_hadrons']",1993,True
4596,Au,Au,6300,GeV,sqrt_s_NN,,LHC,CERN,"['espectro_de_particulas', 'multiplicidade', 'producao_de_hadrons']",1993,True
4597,p,p,14,TeV,sqrt_s_NN,,LHC,CERN,['tracking'],2021,True
4598,p,p,,,nao_informado,,LHC,CERN,['reconstrucao_de_jatos'],2020,
4599,Au,Au,,,nao_informado,,RHIC,BNL,"['correlacoes', 'geometria_colisao']",2016,
4599,Pb,Pb,,,nao_informado,,LHC,CERN,['correlacoes'],2016,
4601,Pb,Pb,2.76,TeV,sqrt_s_NN,ALICE,LHC,CERN,"['fluxo', 'quarkonia', 'geometria_colisao']",2016,True
4602,Au,Au,200,GeV,sqrt_s_NN,,RHIC,BNL,"['supressao', 'fluxo', 'freezeout_temperatura']",2004,True
4602,Au,d,200,GeV,sqrt_s_NN,,RHIC,BNL,"['supressao', 'fluxo']",2004,True
4602,p,p,200,GeV,sqrt_s_NN,,RHIC,BNL,['fluxo'],2004,True
4605,Ru,Ru,,,nao_informado,STAR,,BNL,['barions_stopping'],2025,
4605,Zr,Zr,,,nao_informado,STAR,,BNL,['barions_stopping'],2025,
4611,Au,Au,200,GeV,sqrt_s_NN,,RHIC,BNL,['choque_espalhamento'],2010,True
4612,p,p,,,nao_informado,PHENIX,RHIC,BNL,"['spin_e_polarizacao', 'producao_de_bosons']",2009,
4614,Pb,Pb,5.02,TeV,sqrt_s_NN,CMS,,CERN,"['choque_espalhamento', 'quarkonia']",2021,True
4620,p,p,7,TeV,sqrt_s_NN,ATLAS,,CERN,['multiplicidade'],2026,True
4620,p,p,8,TeV,sqrt_s_NN,ATLAS,,CERN,['multiplicidade'],2026,True
4620,p,p,13,TeV,sqrt_s_NN,ATLAS,,CERN,['multiplicidade'],2026,True
4621,p,p,5.02,TeV,sqrt_s_NN,ALICE,,CERN,"['supressao', 'correlacoes']",2024,True
4621,Pb,Pb,5.02,TeV,sqrt_s_NN,ALICE,,CERN,"['supressao', 'correlacoes']",2024,True
4623,p,p,,,nao_informado,ATLAS,LHC,CERN,"['espectro_de_particulas', 'multiplicidade']",2018,
4625,Au,Au,200,GeV,sqrt_s_NN,,RHIC,BNL,"['supressao', 'espectro_de_particulas']",2014,True
4625,Pb,Pb,2.76,TeV,sqrt_s_NN,,LHC,CERN,"['supressao', 'espectro_de_particulas']",2014,True
4626,p,p,7,TeV,sqrt_s_NN,,LHC,CERN,"['producao_de_hadrons', 'correlacoes']",2014,True
4629,Pb,Pb,5.02,TeV,sqrt_s_NN,ATLAS,,CERN,"['fluxo', 'geometria_colisao']",2023,True
4629,Xe,Xe,5.44,TeV,sqrt_s_NN,ATLAS,,CERN,"['fluxo', 'geometria_colisao']",2023,True
4630,p,p,,,nao_informado,LHCf,LHC,CERN,"['choque_espalhamento', 'neutrons_emissao_frontal']",2018,
4632,C,p,4.2,GeV/c,energia_de_feixe,,,JINR,"['multiplicidade', 'geometria_colisao']",2003,True
4638,Au,Au,30,GeV,energia_de_feixe,CBM,FAIR,FAIR,"['flutuacoes', 'geometria_colisao', 'multiplicidade']",2021,True
4644,p,p,,,nao_informado,,LHC,CERN,['emaranhamento_quantico'],2026,
4648,Pb,Pb,2.76,TeV,sqrt_s_NN,,LHC,CERN,"['quarkonia', 'geometria_colisao', 'espectro_de_particulas']",2019,True
4648,Pb,Pb,5.02,TeV,sqrt_s_NN,,LHC,CERN,"['quarkonia', 'geometria_colisao', 'espectro_de_particulas']",2019,True
4649,p,p,7,TeV,sqrt_s_NN,LHCb,LHC,CERN,"['quarkonia', 'choque_espalhamento']",2017,True
4649,p,p,13,TeV,sqrt_s_NN,LHCb,LHC,CERN,"['quarkonia', 'choque_espalhamento']",2017,True
4653,Au,Au,54.4,GeV,sqrt_s_NN,STAR,RHIC,BNL,"['quarkonia', 'geometria_colisao']",2026,True
4653,Au,Au,39,GeV,sqrt_s_NN,STAR,RHIC,BNL,"['quarkonia', 'geometria_colisao']",2026,True
4653,Au,Au,62.4,GeV,sqrt_s_NN,STAR,RHIC,BNL,"['quarkonia', 'geometria_colisao']",2026,True
4653,Au,Au,200,GeV,sqrt_s_NN,STAR,RHIC,BNL,"['quarkonia', 'geometria_colisao']",2026,True
4655,p,p,13.6,TeV,sqrt_s_NN,ALICE,LHC,CERN,"['quarkonia', 'espectro_de_particulas']",2025,True
4655,Pb,Pb,5.36,TeV,sqrt_s_NN,ALICE,LHC,CERN,"['quarkonia', 'espectro_de_particulas']",2025,True
4658,Pb,Pb,5.02,TeV,sqrt_s_NN,,LHC,CERN,"['espectro_de_particulas', 'interferometria']",2021,True
4658,Pb,Pb,2.76,TeV,sqrt_s_NN,,LHC,CERN,"['espectro_de_particulas', 'interferometria']",2021,True
4659,Au,d,200,GeV,sqrt_s_NN,,RHIC,BNL,"['espectro_de_particulas', 'geometria_colisao']",2021,True
4659,Pb,p,5.02,TeV,sqrt_s_NN,,LHC,CERN,"['espectro_de_particulas', 'geometria_colisao']",2021,True
4662,p,p,7,TeV,sqrt_s_NN,ALICE,LHC,CERN,['quarkonia'],2016,True
4662,Pb,p,5.02,TeV,sqrt_s_NN,ALICE,LHC,CERN,"['quarkonia', 'fluxo']",2016,True
4662,Pb,Pb,2.76,TeV,sqrt_s_NN,ALICE,LHC,CERN,"['quarkonia', 'supressao']",2016,True
4663,Pb,p,,,nao_informado,,LHC,CERN,"['producao_de_bosons', 'espectro_de_particulas', 'efeitos_nucleares', 'assimetria_de_carga']",2015,
4663,Pb,Pb,,,nao_informado,,LHC,CERN,"['producao_de_bosons', 'espectro_de_particulas', 'efeitos_nucleares', 'assimetria_de_carga']",2015,
4664,p,p,200,GeV,sqrt_s_NN,STAR,,BNL,"['quarkonia', 'spin_e_polarizacao']",2014,True
4664,Au,d,200,GeV,sqrt_s_NN,STAR,,BNL,['quarkonia'],2014,True
4664,Au,Au,200,GeV,sqrt_s_NN,STAR,,BNL,['quarkonia'],2014,True
4664,Au,Au,39,GeV,sqrt_s_NN,STAR,,BNL,['quarkonia'],2014,True
4664,Au,Au,62,GeV,sqrt_s_NN,STAR,,BNL,['quarkonia'],2014,True
4668,p,p,,,nao_informado,,LHC,CERN,['producao_de_jatos'],2025,
4670,Au,Au,200,GeV,sqrt_s_NN,,RHIC,BNL,['supressao'],2017,True
4670,Pb,Pb,2.76,TeV,sqrt_s_NN,,LHC,CERN,['supressao'],2017,True
4672,p,Pb,,,nao_informado,,LHC,CERN,"['correlacoes', 'choque_espalhamento']",2013,
4675,p,p,13,TeV,sqrt_s_NN,CMS,LHC,CERN,"['choque_espalhamento', 'quarkonia']",2026,True
4682,p,p,13,TeV,sqrt_s_NN,CMS,LHC,CERN,['quarkonia'],2025,True
4684,p,p,,,nao_informado,,LHC,CERN,['sondas_eletromagneticas'],2023,
4686,p,p,,,nao_informado,SPD,NICA,JINR,['quarkonia'],2025,
4688,Au,Au,27,GeV,sqrt_s_NN,STAR,RHIC,BNL,"['fluxo', 'geometria_colisao']",2023,True
4688,Au,Au,39,GeV,sqrt_s_NN,STAR,RHIC,BNL,"['fluxo', 'geometria_colisao']",2023,True
4688,Au,Au,62.4,GeV,sqrt_s_NN,STAR,RHIC,BNL,"['fluxo', 'geometria_colisao']",2023,True
4688,Au,Au,200,GeV,sqrt_s_NN,STAR,RHIC,BNL,"['fluxo', 'geometria_colisao', 'estranheza']",2023,True
4688,Au,d,200,GeV,sqrt_s_NN,STAR,RHIC,BNL,['fluxo'],2023,True
4688,Au,p,200,GeV,sqrt_s_NN,STAR,RHIC,BNL,['fluxo'],2023,True
4688,U,U,193,GeV,sqrt_s_NN,STAR,RHIC,BNL,['fluxo'],2023,True
4693,p,p,,,nao_informado,PANDA,HESR,FAIR,['quarkonia'],2026,
4694,p,p,0.9,TeV,sqrt_s_NN,,LHC,CERN,"['multiplicidade', 'espectro_de_particulas']",2022,True
4694,p,p,2.36,TeV,sqrt_s_NN,,LHC,CERN,"['multiplicidade', 'espectro_de_particulas']",2022,True
4694,p,p,2.76,TeV,sqrt_s_NN,,LHC,CERN,"['multiplicidade', 'espectro_de_particulas']",2022,True
4694,p,p,5,TeV,sqrt_s_NN,,LHC,CERN,"['multiplicidade', 'espectro_de_particulas']",2022,True
4694,p,p,7,TeV,sqrt_s_NN,,LHC,CERN,"['multiplicidade', 'espectro_de_particulas']",2022,True
4694,p,p,8,TeV,sqrt_s_NN,,LHC,CERN,"['multiplicidade', 'espectro_de_particulas']",2022,True
4694,p,p,13,TeV,sqrt_s_NN,,LHC,CERN,"['multiplicidade', 'espectro_de_particulas']",2022,True
4698,p,p,,,nao_informado,,LHC,CERN,['luminosidade'],2017,
4698,Pb,Pb,,,nao_informado,,LHC,CERN,['luminosidade'],2017,
4698,p,Pb,,,nao_informado,,LHC,CERN,['luminosidade'],2017,
4706,Ag,Ag,2.55,GeV,sqrt_s_NN,HADES,FAIR,GSI,['correlacoes'],2025,True
4712,p,p,8,TeV,sqrt_s_NN,ATLAS,LHC,CERN,"['choque_espalhamento', 'sondas_eletromagneticas']",2016,True
4720,p,p,13,TeV,sqrt_s_NN,ATLAS,LHC,CERN,['quarkonia'],2026,True
4722,Pb,Pb,2.76,TeV,sqrt_s_NN,ALICE,,CERN,['supressao'],2022,True
4722,p,p,2.76,TeV,sqrt_s_NN,ALICE,,CERN,['supressao'],2022,True
4730,p,p,,,nao_informado,,LHC,CERN,['producao_de_jatos'],2023,
4732,p,p,0.9,TeV,sqrt_s_NN,ALICE,,CERN,"['espectro_de_particulas', 'producao_de_hadrons']",2017,True
4732,p,p,8,TeV,sqrt_s_NN,ALICE,,CERN,"['espectro_de_particulas', 'producao_de_hadrons']",2017,True
4732,Pb,Pb,2.76,TeV,sqrt_s_NN,ALICE,,CERN,"['espectro_de_particulas', 'producao_de_hadrons', 'supressao', 'sondas_eletromagneticas']",2017,True
4734,Pb,p,5.02,TeV,sqrt_s_NN,ATLAS,LHC,CERN,"['fluxo', 'correlacoes', 'multiplicidade']",2013,True
4739,p,p,13,TeV,sqrt_s_NN,LHCb,LHC,CERN,"['quarkonia', 'multiplicidade']",2024,True
4740,p,p,8,TeV,sqrt_s_NN,LHCb,LHC,CERN,"['choque_espalhamento', 'assimetria_de_carga']",2021,True
4740,p,p,13,TeV,sqrt_s_NN,LHCb,LHC,CERN,"['choque_espalhamento', 'assimetria_de_carga']",2021,True
4740,p,p,14,TeV,sqrt_s_NN,LHCb,LHC,CERN,"['choque_espalhamento', 'assimetria_de_carga']",2021,True
4741,p,p,,,nao_informado,SeaQuest,,FNAL,['sondas_eletromagneticas'],2011,
4744,Pb,Pb,,,nao_informado,ATLAS,LHC,CERN,"['fluxo', 'multiplicidade', 'correlacoes']",2013,
4747,p,p,200,GeV,sqrt_s_NN,PHENIX,RHIC,BNL,"['quarkonia', 'multiplicidade']",2023,True
4747,Au,p,,,nao_informado,PHENIX,RHIC,BNL,['quarkonia'],2023,
4749,Au,d,200,GeV,sqrt_s_NN,PHOBOS,RHIC,BNL,"['producao_de_hadrons', 'geometria_colisao', 'espectro_de_particulas']",2015,True
4749,Au,p,200,GeV,sqrt_s_NN,PHOBOS,RHIC,BNL,"['producao_de_hadrons', 'geometria_colisao', 'espectro_de_particulas']",2015,True
4750,p,p,,,nao_informado,CMS,LHC,CERN,"['multiplicidade', 'tracking']",2014,
4753,Pb,Pb,,,nao_informado,ALICE,LHC,CERN,['multiplicidade'],2022,
4758,Pb,Pb,,,nao_informado,ALICE,LHC,CERN,"['quarkonia', 'spin_e_polarizacao', 'choque_espalhamento']",2024,
4763,p,p,13,TeV,sqrt_s_NN,ATLAS,LHC,CERN,"['propriedades_de_jatos', 'multiplicidade']",2019,True
4764,p,p,7,TeV,sqrt_s_NN,TOTEM,LHC,CERN,['choque_espalhamento'],2017,True
4764,p,p,8,TeV,sqrt_s_NN,TOTEM,LHC,CERN,['choque_espalhamento'],2017,True
4764,p,p,10,TeV,sqrt_s_NN,TOTEM,LHC,CERN,['choque_espalhamento'],2017,True
4764,p,p,14,TeV,sqrt_s_NN,TOTEM,LHC,CERN,['choque_espalhamento'],2017,True
4772,Pb,p,,,nao_informado,,LHC,CERN,"['correlacoes', 'fluxo']",2026,
4778,p,p,,,nao_informado,ALICE,LHC,CERN,['caracterizacao_de_detector'],2024,
4783,Pb,p,8.16,TeV,sqrt_s_NN,CMS,,CERN,"['fluxo', 'multiplicidade']",2023,True
4786,Au,Au,27,GeV,sqrt_s_NN,STAR,,BNL,"['fluxo', 'quarkonia']",2023,True
4786,Au,Au,54.4,GeV,sqrt_s_NN,STAR,,BNL,"['fluxo', 'quarkonia']",2023,True
4787,d,d,4-13.8,GeV/n,sqrt_s_NN,MPD,Nuclotron-M,JINR,"['fluxo', 'multiplicidade']",2018,True
4787,Au,Au,4-11,GeV/n,sqrt_s_NN,MPD,Nuclotron-M,JINR,"['fluxo', 'multiplicidade']",2018,True
4787,p,p,12-27,GeV/n,sqrt_s_NN,MPD,Nuclotron-M,JINR,"['fluxo', 'multiplicidade']",2018,True
4788,p,p,,,nao_informado,,LHC,CERN,['choque_espalhamento'],2000,
4789,d,d,27,GeV,sqrt_s_NN,SPD,NICA,,"['choque_espalhamento', 'spin_e_polarizacao']",2023,True
4789,p,p,27,GeV,sqrt_s_NN,SPD,NICA,,"['choque_espalhamento', 'spin_e_polarizacao']",2023,True
4790,Au,Au,200,GeV,sqrt_s_NN,STAR,RHIC,BNL,"['quarkonia', 'choque_espalhamento']",2014,True
4790,p,p,200,GeV,sqrt_s_NN,STAR,RHIC,BNL,"['quarkonia', 'choque_espalhamento']",2014,True
4790,p,p,500,GeV,sqrt_s_NN,STAR,RHIC,BNL,"['quarkonia', 'choque_espalhamento']",2014,True
4790,U,U,193,GeV,sqrt_s_NN,STAR,RHIC,BNL,"['quarkonia', 'choque_espalhamento']",2014,True
4793,p,p,,,nao_informado,STAR,,BNL,['espectro_de_particulas'],2018,
4793,Au,Au,,,nao_informado,STAR,RHIC,BNL,"['supressao', 'producao_de_hadrons', 'geometria_colisao']",2018,
4793,Pb,Pb,,,nao_informado,,LHC,CERN,"['supressao', 'producao_de_hadrons', 'geometria_colisao']",2018,
4797,Pb,Pb,5.02,TeV,sqrt_s_NN,,LHC,CERN,"['fluxo', 'geometria_colisao', 'espectro_de_particulas']",2018,True
4801,p,p,13,TeV,sqrt_s_NN,ATLAS,LHC,CERN,"['formas_de_evento', 'espectro_de_particulas', 'choque_espalhamento']",2019,True
4807,Pb,Pb,5.02,TeV,sqrt_s_NN,ALICE,,CERN,"['producao_de_hadrons', 'estranheza']",2023,True
4807,p,Pb,5.02,TeV,sqrt_s_NN,ALICE,,CERN,"['producao_de_hadrons', 'estranheza']",2023,True
4808,p,p,,,nao_informado,,LHC,CERN,['quarkonia'],2020,
4809,Au,Au,200,GeV,sqrt_s_NN,STAR,RHIC,BNL,"['producao_de_hadrons', 'correlacoes']",2011,True
4809,Pb,S,,,nao_informado,NA44,SPS,CERN,['producao_de_hadrons'],2011,
4812,Ne,Ne,5.36,TeV,sqrt_s_NN,CMS,LHC,CERN,['supressao'],2026,True
4812,O,O,,,nao_informado,CMS,LHC,CERN,['supressao'],2026,
4812,Pb,Pb,,,nao_informado,CMS,LHC,CERN,['supressao'],2026,
4812,Xe,Xe,,,nao_informado,CMS,LHC,CERN,['supressao'],2026,
4813,Au,Au,,,nao_informado,,RHIC,BNL,"['espectro_de_particulas', 'geometria_colisao']",2021,
4813,Pb,Pb,,,nao_informado,,LHC,CERN,"['espectro_de_particulas', 'geometria_colisao']",2021,
4817,p,p,7,TeV,sqrt_s_NN,ATLAS,LHC,CERN,['producao_de_hadrons'],2014,True
4817,p,p,33,TeV,sqrt_s_NN,,LHC,CERN,['producao_de_hadrons'],2014,True
4820,p,p,,,nao_informado,,ISR,CERN,['choque_espalhamento'],2018,
4820,p,p,,,nao_informado,,SPS,CERN,['choque_espalhamento'],2018,
4826,p,p,5,TeV,sqrt_s_NN,ALICE,LHC,CERN,"['producao_de_hadrons', 'espectro_de_particulas']",2024,True
4826,p,Pb,,,nao_informado,ALICE,LHC,CERN,['producao_de_hadrons'],2024,
4826,Pb,Pb,,,nao_informado,ALICE,LHC,CERN,['producao_de_hadrons'],2024,
4826,Xe,Xe,,,nao_informado,ALICE,LHC,CERN,['producao_de_hadrons'],2024,
4833,p,p,5.02,TeV,sqrt_s_NN,CMS,LHC,CERN,"['supressao', 'correlacoes']",2018,True
4833,Pb,Pb,5.02,TeV,sqrt_s_NN,CMS,LHC,CERN,"['supressao', 'correlacoes']",2018,True
4835,p,p,13,TeV,sqrt_s_NN,ATLAS,LHC,CERN,"['exoticos', 'producao_de_hadrons']",2025,True
4835,p,p,13.6,TeV,sqrt_s_NN,ATLAS,LHC,CERN,"['exoticos', 'producao_de_hadrons']",2025,True
4837,p,p,13.6,TeV,sqrt_s_NN,ALICE,LHC,CERN,['quarkonia'],2025,True
4841,Au,Au,62.4,GeV,sqrt_s_NN,STAR,RHIC,BNL,"['producao_de_hadrons', 'estranheza']",2009,True
4841,Au,Au,200,GeV,sqrt_s_NN,STAR,RHIC,BNL,"['producao_de_hadrons', 'estranheza']",2009,True
4841,Cu,Cu,62.4,GeV,sqrt_s_NN,STAR,RHIC,BNL,"['producao_de_hadrons', 'estranheza']",2009,True
4841,Cu,Cu,200,GeV,sqrt_s_NN,STAR,RHIC,BNL,"['producao_de_hadrons', 'estranheza']",2009,True
4844,p,p,158,GeV/c,energia_de_feixe,,SPS,CERN,"['estranheza', 'producao_de_hadrons']",2025,True
4844,p,p,31,GeV/c,energia_de_feixe,,SPS,CERN,"['estranheza', 'producao_de_hadrons']",2025,True
4844,p,p,40,GeV/c,energia_de_feixe,,SPS,CERN,"['estranheza', 'producao_de_hadrons']",2025,True
4844,p,p,80,GeV/c,energia_de_feixe,,SPS,CERN,"['estranheza', 'producao_de_hadrons']",2025,True
4853,p,p,13,TeV,sqrt_s_NN,TOTEM,LHC,CERN,['choque_espalhamento'],2018,True
4853,p,p,13,TeV,sqrt_s_NN,ATLAS,LHC,CERN,['choque_espalhamento'],2018,True
4853,p,p,7,TeV,sqrt_s_NN,TOTEM,LHC,CERN,['choque_espalhamento'],2018,True
4863,p,,,,nao_informado,,RHIC,BNL,"['sondas_eletromagneticas', 'choque_espalhamento', 'correlacoes']",2016,
4863,p,,,,nao_informado,,LHC,CERN,"['sondas_eletromagneticas', 'choque_espalhamento', 'correlacoes']",2016,
4866,p,p,900,GeV,sqrt_s_NN,ATLAS,LHC,CERN,['espectro_de_particulas'],2010,True
4866,p,p,7,TeV,sqrt_s_NN,ATLAS,LHC,CERN,['espectro_de_particulas'],2010,True
4875,Ni,Sn,20,MeV,energia_de_feixe,CHIMERA,,INFN-LNS,['neutrons_emissao_frontal'],2026,True
4875,Ni,Xe,20,MeV,energia_de_feixe,CHIMERA,,INFN-LNS,['neutrons_emissao_frontal'],2026,True
4875,Sn,Zn,20,MeV,energia_de_feixe,CHIMERA,,INFN-LNS,['neutrons_emissao_frontal'],2026,True
4875,Xe,Zn,20,MeV,energia_de_feixe,CHIMERA,,INFN-LNS,['neutrons_emissao_frontal'],2026,True
4877,Pb,Pb,5.02,TeV,sqrt_s_NN,ATLAS,LHC,CERN,"['supressao', 'choque_espalhamento']",2025,True
4878,Pb,Pb,,,nao_informado,ALICE,LHC,CERN,"['quarkonia', 'spin_e_polarizacao', 'geometria_colisao', 'choque_espalhamento']",2025,
4879,p,p,8,TeV,sqrt_s_NN,ATLAS,,CERN,"['sondas_eletromagneticas', 'quarkonia']",2020,True
4887,p,p,,,nao_informado,,LHC,CERN,['evento_subjacente'],2024,
4889,Au,Au,,,nao_informado,STAR,,BNL,"['espectro_de_particulas', 'fluxo', 'geometria_colisao']",2022,
4889,Cu,Cu,,,nao_informado,STAR,,BNL,"['espectro_de_particulas', 'fluxo', 'geometria_colisao']",2022,
4889,Pb,Pb,,,nao_informado,NA 49,,CERN,"['espectro_de_particulas', 'fluxo', 'geometria_colisao']",2022,
4894,Pb,Pb,5.02,TeV,sqrt_s_NN,CMS,LHC,CERN,"['quarkonia', 'geometria_colisao', 'espectro_de_particulas', 'choque_espalhamento']",2024,True
4896,p,p,0.9,TeV,sqrt_s_NN,ALICE,LHC,CERN,"['producao_de_hadrons', 'espectro_de_particulas']",2017,True
4896,p,p,2.76,TeV,sqrt_s_NN,ALICE,LHC,CERN,"['producao_de_hadrons', 'espectro_de_particulas']",2017,True
4896,p,p,7,TeV,sqrt_s_NN,ALICE,LHC,CERN,"['producao_de_hadrons', 'espectro_de_particulas']",2017,True
4896,p,p,8,TeV,sqrt_s_NN,ALICE,LHC,CERN,"['producao_de_hadrons', 'espectro_de_particulas']",2017,True
4896,Pb,p,,,nao_informado,ALICE,LHC,CERN,"['producao_de_hadrons', 'supressao']",2017,
4896,Pb,Pb,,,nao_informado,ALICE,LHC,CERN,"['producao_de_hadrons', 'supressao']",2017,
4899,Pb,Pb,2.76,TeV,sqrt_s_NN,"ALICE, ATLAS, CMS",LHC,CERN,"['fluxo', 'supressao', 'quarkonia']",2014,True
4905,Pb,Pb,,,nao_informado,,LHC,CERN,"['supressao', 'propriedades_de_jatos']",2020,
4910,p,p,5.02,TeV,sqrt_s_NN,ALICE,LHC,CERN,"['multiplicidade', 'espectro_de_particulas']",2021,True
4910,p,p,13,TeV,sqrt_s_NN,ALICE,LHC,CERN,"['multiplicidade', 'espectro_de_particulas']",2021,True
4910,p,p,7,TeV,sqrt_s_NN,ALICE,LHC,CERN,"['multiplicidade', 'espectro_de_particulas']",2021,True
4912,p,p,0.9,TeV,sqrt_s_NN,ALICE,,CERN,"['espectro_de_particulas', 'producao_de_hadrons']",2025,True
4912,p,p,7,TeV,sqrt_s_NN,ALICE,,CERN,"['espectro_de_particulas', 'producao_de_hadrons']",2025,True
4914,p,p,7,TeV,sqrt_s_NN,CMS,LHC,CERN,['espectro_de_particulas'],2020,True
4914,p,p,8,TeV,sqrt_s_NN,CMS,LHC,CERN,['espectro_de_particulas'],2020,True
4914,p,p,13,TeV,sqrt_s_NN,CMS,LHC,CERN,['espectro_de_particulas'],2020,True
4916,Pb,Pb,,,nao_informado,,SPS,CERN,['sondas_eletromagneticas'],1997,
4916,Pb,Pb,,,nao_informado,,RHIC,BNL,['sondas_eletromagneticas'],1997,
4916,Pb,Pb,,,nao_informado,,LHC,CERN,['sondas_eletromagneticas'],1997,
4924,p,p,,,nao_informado,,LHC,CERN,['producao_de_bosons'],2026,
4924,p,p,,,nao_informado,,FCC-hh,,['producao_de_bosons'],2026,
4925,Pb,Pb,5.02,TeV,sqrt_s_NN,ALICE,,CERN,['supressao'],2025,True
4929,Pb,p,5.02,TeV,sqrt_s_NN,,LHC,CERN,"['fluxo', 'geometria_colisao']",2025,True
4937,Pb,Pb,5.02,TeV,sqrt_s_NN,"ALICE, ATLAS, CMS",,CERN,"['supressao', 'geometria_colisao']",2026,True
4943,p,p,13,TeV,sqrt_s_NN,ALICE,LHC,CERN,"['multiplicidade', 'formas_de_evento', 'producao_de_hadrons', 'estranheza']",2020,True
4944,Au,Au,39,GeV,sqrt_s_NN,STAR,RHIC,BNL,"['fluxo', 'correlacoes', 'geometria_colisao']",2018,True
4944,Au,Au,200,GeV,sqrt_s_NN,STAR,RHIC,BNL,"['fluxo', 'correlacoes', 'geometria_colisao']",2018,True
4944,Pb,Pb,2.76,TeV,sqrt_s_NN,ALICE,,CERN,"['fluxo', 'correlacoes', 'geometria_colisao']",2018,True
4947,p,p,63,GeV,sqrt_s_NN,,ISR,CERN,"['producao_de_hadrons', 'correlacoes']",1992,True
4948,p,p,13,TeV,sqrt_s_NN,ALICE,LHC,CERN,"['fluxo', 'correlacoes', 'multiplicidade']",2024,True
4951,p,p,,,nao_informado,,RHIC,BNL,['choque_espalhamento'],2013,
4951,p,p,,,nao_informado,,LHC,CERN,['choque_espalhamento'],2013,
4952,S,U,20,GeV,sqrt_s_NN,NA50,SPS,CERN,['quarkonia'],1999,True
4952,Pb,Pb,20,GeV,sqrt_s_NN,NA50,SPS,CERN,['quarkonia'],1999,True
4954,p,p,200,GeV,sqrt_s_NN,sPHENIX,RHIC,BNL,['simulacao'],2026,True
4958,p,p,13,TeV,sqrt_s_NN,ATLAS,LHC,CERN,['particulas_vida_longa'],2026,True
4960,Pb,Pb,5.02,TeV,sqrt_s_NN,ALICE,,CERN,"['supressao', 'propriedades_de_jatos']",2023,True
4964,Pb,Pb,,,nao_informado,,LHC,CERN,"['supressao', 'fluxo']",2012,
4964,p,p,,,nao_informado,,LHC,CERN,"['supressao', 'fluxo']",2012,
4972,p,p,,,nao_informado,,Tevatron,Fermilab,"['quarkonia', 'espectro_de_particulas']",2023,
4972,p,p,,,nao_informado,,LHC,CERN,"['quarkonia', 'espectro_de_particulas']",2023,
4972,Pb,Pb,,,nao_informado,,LHC,CERN,"['quarkonia', 'fluxo', 'espectro_de_particulas']",2023,
4973,Pb,Pb,,,nao_informado,,LHC,CERN,"['supressao', 'fluxo', 'geometria_colisao', 'flutuacoes']",2022,
4976,Pb,p,63,TeV,sqrt_s_NN,,LHC,CERN,['producao_de_bosons'],2015,True
4976,Pb,Pb,39,TeV,sqrt_s_NN,,LHC,CERN,['producao_de_bosons'],2015,True
4982,C,Ta,44,GeV,nao_informado,,,JINR,['espectro_de_particulas'],1998,True
4984,Pb,Pb,,,nao_informado,ALICE,LHC,CERN,"['caracterizacao_de_detector', 'calibracao']",2025,
4984,p,p,,,nao_informado,ALICE,LHC,CERN,"['caracterizacao_de_detector', 'calibracao']",2025,
4985,p,p,13,TeV,sqrt_s_NN,LHCf,LHC,CERN,"['sondas_eletromagneticas', 'producao_de_hadrons', 'choque_espalhamento', 'estranheza']",2023,True
4986,p,p,13,TeV,sqrt_s_NN,CMS,LHC,CERN,['quarkonia'],2018,True
4989,Au,C,400,MeV,energia_de_feixe,FIRT,SIS,GSI,['choque_espalhamento'],2016,True
4991,p,p,1.96,TeV,sqrt_s_NN,,TEVATRON,Fermilab,"['quarkonia', 'choque_espalhamento']",2006,True
4991,p,p,14,TeV,sqrt_s_NN,,LHC,CERN,"['quarkonia', 'choque_espalhamento']",2006,True
4992,p,p,,,nao_informado,,HL-LHC,CERN,['higgs'],2024,
4993,Pb,Pb,2.76,TeV,sqrt_s_NN,ALICE,,CERN,"['multiplicidade', 'antimateria_nucleos_leves']",2020,True
4993,Au,Au,200,GeV,sqrt_s_NN,STAR,,BNL,"['multiplicidade', 'antimateria_nucleos_leves']",2020,True
5014,p,p,6.3,GeV,sqrt_s_NN,NA61/SHINE,SPS,CERN,['estranheza'],2022,True
5014,p,p,17.3,GeV,sqrt_s_NN,NA61/SHINE,SPS,CERN,['estranheza'],2022,True
5014,p,p,62.4,GeV,sqrt_s_NN,NA61/SHINE,SPS,CERN,['estranheza'],2022,True
5015,Au,Au,200,GeV,sqrt_s_NN,,RHIC,BNL,"['supressao', 'choque_espalhamento']",2016,True
5015,Pb,Pb,2.76,TeV,sqrt_s_NN,,LHC,CERN,"['supressao', 'choque_espalhamento']",2016,True
5016,p,p,200,GeV,sqrt_s_NN,PHENIX,RHIC,BNL,"['espectro_de_particulas', 'supressao']",2015,True
5016,Au,Au,200,GeV,sqrt_s_NN,PHENIX,RHIC,BNL,"['espectro_de_particulas', 'supressao']",2015,True
5016,Pb,Pb,2.76,TeV,sqrt_s_NN,,LHC,CERN,['espectro_de_particulas'],2015,True
5019,p,p,,,nao_informado,ALICE,LHC,CERN,"['sondas_eletromagneticas', 'choque_espalhamento']",2023,
5020,p,p,14,TeV,sqrt_s_NN,,HL-LHC,CERN,"['producao_de_bosons', 'choque_espalhamento']",2022,True
5020,p,p,27,TeV,sqrt_s_NN,,HE-LHC,CERN,"['producao_de_bosons', 'choque_espalhamento']",2022,True
5020,p,p,100,TeV,sqrt_s_NN,,FCC-hh,CERN,"['producao_de_bosons', 'choque_espalhamento']",2022,True
5027,p,p,,,nao_informado,,LHC,CERN,"['sondas_eletromagneticas', 'choque_espalhamento']",2025,
5028,p,p,8,TeV,sqrt_s_NN,LHCb,LHC,CERN,['choque_espalhamento'],2021,True
5028,p,p,13,TeV,sqrt_s_NN,LHCb,LHC,CERN,['choque_espalhamento'],2021,True
5028,p,p,14,TeV,sqrt_s_NN,,LHC,CERN,['choque_espalhamento'],2021,True
5030,Pb,Pb,5.02,TeV,sqrt_s_NN,ALICE,,CERN,"['espectro_de_particulas', 'geometria_colisao', 'fluxo']",2026,True
5031,p,p,5-13,TeV,sqrt_s_NN,ALICE,,CERN,"['antimateria_nucleos_leves', 'espectro_de_particulas', 'multiplicidade']",2024,True
5032,p,p,7,TeV,sqrt_s_NN,"TOTEM, ATLAS",,CERN,['choque_espalhamento'],2017,True
5032,p,p,8,TeV,sqrt_s_NN,"TOTEM, ATLAS",,CERN,['choque_espalhamento'],2017,True
5033,Pb,Pb,158,GeV,sqrt_s_NN,NA50,SPS,CERN,['quarkonia'],2013,True
5033,Pb,Pb,200,GeV,sqrt_s_NN,PHENIX,RHIC,BNL,"['quarkonia', 'multiplicidade']",2013,True
5033,Pb,Pb,,,nao_informado,,LHC,CERN,['quarkonia'],2013,
5033,p,p,,,nao_informado,,LHC,CERN,['quarkonia'],2013,
5035,,,200,GeV,sqrt_s_NN,STAR,,BNL,['interferometria'],2026,True
5048,Pb,Pb,2.76,TeV,sqrt_s_NN,ALICE,LHC,CERN,"['correlacoes', 'geometria_colisao', 'fluxo', 'espectro_de_particulas']",2013,True
5049,p,p,,,nao_informado,,LHC,CERN,"['multiplicidade', 'formas_de_evento']",2024,
5053,Ar,Zr,16,MeV,energia_de_feixe,MEDEA,,,"['sondas_eletromagneticas', 'espectro_de_particulas']",2009,True
5053,Ar,Zr,15.1,MeV,energia_de_feixe,MEDEA,,,"['sondas_eletromagneticas', 'espectro_de_particulas']",2009,True
5059,p,p,13,TeV,sqrt_s_NN,,LHC,CERN,"['supersimetria', 'choque_espalhamento']",2022,True
5065,Au,Au,7.7,GeV,sqrt_s_NN,STAR,RHIC,BNL,"['espectro_de_particulas', 'geometria_colisao', 'choque_espalhamento', 'estranheza']",2022,True
5065,Au,Au,200,GeV,sqrt_s_NN,STAR,RHIC,BNL,"['espectro_de_particulas', 'geometria_colisao', 'choque_espalhamento', 'estranheza']",2022,True
5066,p,p,,,nao_informado,,LHC,CERN,['pid'],2019,
5068,p,p,7,TeV,sqrt_s_NN,TOTEM,,CERN,['choque_espalhamento'],2015,True
5068,p,p,1.96,TeV,sqrt_s_NN,D0,,Fermilab,['choque_espalhamento'],2015,True
5068,p,p,13,TeV,sqrt_s_NN,TOTEM,LHC,CERN,['choque_espalhamento'],2015,True
5074,p,p,7,TeV,sqrt_s_NN,CMS,LHC,CERN,"['multiplicidade', 'calibracao']",2018,True
5074,p,p,8,TeV,sqrt_s_NN,CMS,LHC,CERN,"['multiplicidade', 'calibracao']",2018,True
5074,p,p,13,TeV,sqrt_s_NN,CMS,LHC,CERN,"['multiplicidade', 'calibracao']",2018,True
5079,Au,Au,,,nao_informado,,RHIC,BNL,['spin_e_polarizacao'],2021,
5079,Pb,Pb,2.76,TeV,sqrt_s_NN,,LHC,CERN,['spin_e_polarizacao'],2021,True
5079,p,p,,,nao_informado,,LHC,CERN,['spin_e_polarizacao'],2021,
5086,p,p,8,TeV,sqrt_s_NN,MoEDAL,LHC,CERN,['choque_espalhamento'],2016,True
5089,Au,Au,200,GeV,sqrt_s_NN,STAR,RHIC,BNL,['quarkonia'],2016,True
5090,p,p,,,energia_de_feixe,,,GSI,['quarkonia'],2011,
5092,Pb,Pb,5.02,TeV,sqrt_s_NN,ALICE,LHC,CERN,"['quarkonia', 'geometria_colisao']",2023,True
5093,Au,Au,19,GeV,sqrt_s_NN,,RHIC,BNL,"['fluxo', 'multiplicidade']",2006,True
5093,Au,Au,200,GeV,sqrt_s_NN,,RHIC,BNL,"['fluxo', 'multiplicidade']",2006,True
5093,Au,d,,,nao_informado,,RHIC,BNL,"['fluxo', 'multiplicidade']",2006,
5093,p,p,,,nao_informado,,RHIC,BNL,"['fluxo', 'multiplicidade']",2006,
5095,p,p,8,TeV,sqrt_s_NN,CMS,,CERN,['reconstrucao_de_jatos'],2017,True
5096,p,p,,,nao_informado,,LHC,CERN,"['choque_espalhamento', 'espectro_de_particulas']",2015,
5101,p,p,0.9,TeV,sqrt_s_NN,CMS,,CERN,['espectro_de_particulas'],2022,True
5101,p,p,2.36,TeV,sqrt_s_NN,CMS,,CERN,['espectro_de_particulas'],2022,True
5104,Pb,Pb,2.76,TeV,sqrt_s_NN,CMS,,CERN,"['espectro_de_particulas', 'estranheza', 'multiplicidade', 'geometria_colisao']",2020,True
5104,Pb,p,5.02,TeV,sqrt_s_NN,CMS,,CERN,"['espectro_de_particulas', 'estranheza', 'multiplicidade', 'geometria_colisao']",2020,True
5104,p,p,7,TeV,sqrt_s_NN,CMS,,CERN,"['espectro_de_particulas', 'estranheza', 'multiplicidade', 'geometria_colisao']",2020,True
5106,p,p,8,TeV,sqrt_s_NN,CMS,LHC,CERN,"['producao_de_hadrons', 'choque_espalhamento', 'correlacoes']",2016,True
5111,Au,Au,62.4,GeV,sqrt_s_NN,STAR,RHIC,BNL,"['espectro_de_particulas', 'geometria_colisao']",2020,True
5111,Cu,Cu,200,GeV,sqrt_s_NN,STAR,RHIC,BNL,"['espectro_de_particulas', 'geometria_colisao']",2020,True
5111,Au,Au,200,GeV,sqrt_s_NN,STAR,RHIC,BNL,"['espectro_de_particulas', 'geometria_colisao']",2020,True
5111,Pb,Pb,2.76,TeV,sqrt_s_NN,ALICE,LHC,CERN,"['espectro_de_particulas', 'geometria_colisao']",2020,True
5115,Pb,Pb,6.3,GeV,sqrt_s_NN,,SPS,CERN,"['espectro_de_particulas', 'geometria_colisao']",2015,True
5115,Pb,Pb,12.3,GeV,sqrt_s_NN,,AGS,BNL,"['espectro_de_particulas', 'geometria_colisao']",2015,True
5115,Au,Au,19.6,GeV,sqrt_s_NN,,RHIC,BNL,"['espectro_de_particulas', 'geometria_colisao']",2015,True
5115,Au,Au,200,GeV,sqrt_s_NN,,RHIC,BNL,"['espectro_de_particulas', 'geometria_colisao']",2015,True
5119,p,p,13.6,TeV,sqrt_s_NN,ATLAS,LHC,CERN,['caracterizacao_de_detector'],2026,True
5120,Au,Au,7.7,GeV,sqrt_s_NN,,RHIC,BNL,"['correlacoes', 'fluxo', 'geometria_colisao']",2026,True
5120,Au,Au,9.2,GeV,sqrt_s_NN,,RHIC,BNL,"['correlacoes', 'fluxo', 'geometria_colisao']",2026,True
5120,Au,Au,11.5,GeV,sqrt_s_NN,,RHIC,BNL,"['correlacoes', 'fluxo', 'geometria_colisao']",2026,True
5120,Au,Au,14.6,GeV,sqrt_s_NN,,RHIC,BNL,"['correlacoes', 'fluxo', 'geometria_colisao']",2026,True
5120,Au,Au,17.3,GeV,sqrt_s_NN,,RHIC,BNL,"['correlacoes', 'fluxo', 'geometria_colisao']",2026,True
5120,Au,Au,19.6,GeV,sqrt_s_NN,,RHIC,BNL,"['correlacoes', 'fluxo', 'geometria_colisao']",2026,True
5120,Au,Au,27,GeV,sqrt_s_NN,,RHIC,BNL,"['correlacoes', 'fluxo', 'geometria_colisao']",2026,True
5120,Au,Au,200,GeV,sqrt_s_NN,,RHIC,BNL,"['correlacoes', 'fluxo', 'geometria_colisao']",2026,True
5121,Pb,Pb,5.02,TeV,sqrt_s_NN,ALICE,LHC,CERN,['fluxo'],2025,True
5122,Pb,Pb,5.02,TeV,sqrt_s_NN,ATLAS,LHC,CERN,"['sondas_eletromagneticas', 'choque_espalhamento']",2021,True
5123,p,p,14,TeV,sqrt_s_NN,CMS,LHC,CERN,['caracterizacao_de_detector'],2008,True
5123,Pb,Pb,5.5,TeV,sqrt_s_NN,CMS,LHC,CERN,['caracterizacao_de_detector'],2008,True
5132,p,p,1.8,TeV,sqrt_s_NN,CDF,Tevatron,Fermilab,"['quarkonia', 'choque_espalhamento']",2005,True
5143,p,p,13,TeV,sqrt_s_NN,ALICE,LHC,CERN,"['multiplicidade', 'espectro_de_particulas', 'fluxo']",2021,True
5155,p,p,,,nao_informado,LHCb,LHC,CERN,['tracking'],2024,
5156,Pb,Pb,5.02,TeV,sqrt_s_NN,,LHC,CERN,"['quarkonia', 'supressao']",2021,True
5163,p,p,0.9,TeV,sqrt_s_NN,ALICE,LHC,CERN,"['espectro_de_particulas', 'producao_de_hadrons']",2013,True
5163,p,p,2.76,TeV,sqrt_s_NN,ALICE,LHC,CERN,"['espectro_de_particulas', 'producao_de_hadrons']",2013,True
5163,p,p,7,TeV,sqrt_s_NN,ALICE,LHC,CERN,"['espectro_de_particulas', 'producao_de_hadrons']",2013,True
5163,Pb,Pb,2.76,TeV,sqrt_s_NN,ALICE,LHC,CERN,"['espectro_de_particulas', 'producao_de_hadrons', 'fluxo', 'supressao']",2013,True
5163,Au,Au,200,GeV,sqrt_s_NN,,RHIC,BNL,"['geometria_colisao', 'espectro_de_particulas']",2013,True
5181,p,p,7,TeV,sqrt_s_NN,CMS,,CERN,['flutuacoes'],2020,True
5181,p,p,8,TeV,sqrt_s_NN,CMS,,CERN,['flutuacoes'],2020,True
5185,p,p,13.6,TeV,sqrt_s_NN,,LHC,CERN,"['producao_de_hadrons', 'estranheza', 'fluxo', 'multiplicidade']",2026,True
5185,Pb,Pb,5.36,TeV,sqrt_s_NN,,LHC,CERN,"['producao_de_hadrons', 'estranheza', 'fluxo', 'multiplicidade']",2026,True
5189,Au,Au,200,GeV,sqrt_s_NN,STAR,RHIC,BNL,"['correlacoes', 'interferometria', 'geometria_colisao', 'fluxo']",2008,True
5191,Cu,O,14.6,GeV/c,energia_de_feixe,E-802,AGS,BNL,"['multiplicidade', 'flutuacoes']",1995,True
5200,p,p,13,TeV,sqrt_s_NN,LHCb,LHC,CERN,"['quarkonia', 'producao_de_hadrons']",2023,True
5201,Au,Au,2.5 < sqrt(s_NN) < 20,GeV,sqrt_s_NN,,RHIC,BNL,['fluxo'],2019,False
5205,p,p,0.9,TeV,sqrt_s_NN,CMS,,CERN,"['estranheza', 'espectro_de_particulas']",2020,True
5207,p,p,,,nao_informado,,,FNAL,"['sondas_eletromagneticas', 'choque_espalhamento']",2005,
5218,p,p,13,TeV,sqrt_s_NN,,LHC,CERN,['neutrinos'],2020,True
5230,p,p,,,nao_informado,FASER,LHC,CERN,"['neutrinos', 'neutrons_emissao_frontal']",2025,
5230,p,p,100,TeV,sqrt_s_NN,FPF,FCC,,"['neutrinos', 'choque_espalhamento']",2025,True
5236,p,p,13,TeV,sqrt_s_NN,,LHC,CERN,"['sondas_eletromagneticas', 'choque_espalhamento']",2021,True
5236,p,p,14,TeV,sqrt_s_NN,,LHC,CERN,"['sondas_eletromagneticas', 'choque_espalhamento']",2021,True
5244,p,p,7,TeV,sqrt_s_NN,,LHC,CERN,['propriedades_de_jatos'],2020,True
5245,Xe,Xe,5.44,TeV,sqrt_s_NN,ALICE,LHC,CERN,"['espectro_de_particulas', 'geometria_colisao', 'fluxo', 'producao_de_hadrons']",2022,True
5247,p,p,7,TeV,sqrt_s_NN,TOTEM,LHC,CERN,['choque_espalhamento'],2017,True
5247,p,p,8,TeV,sqrt_s_NN,TOTEM,LHC,CERN,['choque_espalhamento'],2017,True
5248,Pb,p,5.02,TeV,sqrt_s_NN,ALICE,LHC,CERN,"['espectro_de_particulas', 'geometria_colisao']",2024,True
5248,p,p,7,TeV,sqrt_s_NN,,LHC,CERN,['multiplicidade'],2024,True
5248,p,p,13,TeV,sqrt_s_NN,,LHC,CERN,['multiplicidade'],2024,True
5249,Au,Au,200,GeV,sqrt_s_NN,STAR,RHIC,BNL,"['correlacoes', 'fluxo']",2021,True
5260,Pb,Pb,,,nao_informado,ALICE,LHC,CERN,"['multiplicidade', 'espectro_de_particulas']",2006,
5260,p,p,,,nao_informado,ALICE,LHC,CERN,"['multiplicidade', 'espectro_de_particulas']",2006,
5270,p,p,200,GeV,sqrt_s_NN,STAR,,BNL,"['producao_de_hadrons', 'espectro_de_particulas']",2023,True
5270,Au,Au,,,nao_informado,STAR,,BNL,"['producao_de_hadrons', 'geometria_colisao']",2023,
5274,p,p,200,GeV,sqrt_s_NN,PHOBOS,,BNL,['multiplicidade'],2012,True
5274,Au,Au,200,GeV,sqrt_s_NN,PHOBOS,,BNL,['multiplicidade'],2012,True
5277,p,p,13.6,TeV,sqrt_s_NN,FASER,LHC,CERN,"['neutrinos', 'materia_escura']",2024,True
5278,Pb,Pb,,,nao_informado,ALICE,LHC,CERN,"['espectro_de_particulas', 'multiplicidade']",2008,
5279,Au,Au,,,nao_informado,STAR,RHIC,BNL,"['spin_e_polarizacao', 'correlacoes']",2023,
5280,Au,Au,200,GeV,sqrt_s_NN,,RHIC,BNL,"['supressao', 'geometria_colisao', 'espectro_de_particulas']",2021,True
5280,Au,Au,39,GeV,sqrt_s_NN,,RHIC,BNL,"['supressao', 'geometria_colisao', 'espectro_de_particulas']",2021,True
5280,Au,Au,62.4,GeV,sqrt_s_NN,,RHIC,BNL,"['supressao', 'geometria_colisao', 'espectro_de_particulas']",2021,True
5280,Au,Au,130,GeV,sqrt_s_NN,,RHIC,BNL,"['supressao', 'geometria_colisao', 'espectro_de_particulas']",2021,True
5280,Pb,Pb,5.02,TeV,sqrt_s_NN,,LHC,CERN,"['supressao', 'geometria_colisao', 'espectro_de_particulas']",2021,True
5280,p,p,7,TeV,sqrt_s_NN,,LHC,CERN,"['supressao', 'geometria_colisao']",2021,True
5280,Cu,Cu,,,nao_informado,,RHIC,BNL,['supressao'],2021,
5280,Xe,Xe,,,nao_informado,,LHC,CERN,['supressao'],2021,
5288,Pb,Pb,5.02,TeV,sqrt_s_NN,CMS,,CERN,"['supressao', 'geometria_colisao']",2026,True
5291,Pb,p,,,nao_informado,LHCb,LHC,CERN,"['choque_espalhamento', 'partons_pdfs']",2024,
5297,p,p,14,TeV,sqrt_s_NN,ALICE,LHC,CERN,"['supressao', 'correlacoes']",2007,True
5297,Au,Au,,,nao_informado,,RHIC,BNL,"['fluxo', 'supressao']",2007,
5297,Au,Au,,,nao_informado,ALICE,LHC,CERN,"['fluxo', 'supressao']",2007,
5298,Pb,Pb,2.76,TeV,sqrt_s_NN,ALICE,LHC,CERN,"['geometria_colisao', 'fluxo', 'espectro_de_particulas', 'freezeout_temperatura']",2025,True
5298,Pb,Pb,5.02,TeV,sqrt_s_NN,ALICE,LHC,CERN,"['geometria_colisao', 'fluxo', 'espectro_de_particulas', 'freezeout_temperatura']",2025,True
5298,Xe,Xe,5.44,TeV,sqrt_s_NN,ALICE,LHC,CERN,"['geometria_colisao', 'fluxo', 'espectro_de_particulas', 'freezeout_temperatura']",2025,True
5298,p,Pb,5.02,TeV,sqrt_s_NN,ALICE,LHC,CERN,"['geometria_colisao', 'fluxo', 'espectro_de_particulas', 'freezeout_temperatura']",2025,True
5307,p,p,,,nao_informado,LHCb,LHC,CERN,"['quarkonia', 'multiplicidade', 'choque_espalhamento']",2025,
5307,Pb,p,,,nao_informado,LHCb,LHC,CERN,"['quarkonia', 'estranheza', 'choque_espalhamento']",2025,
5307,Pb,Pb,,,nao_informado,LHCb,LHC,CERN,"['quarkonia', 'geometria_colisao']",2025,
5308,Au,Au,62.4,GeV,sqrt_s_NN,STAR,RHIC,BNL,"['espectro_de_particulas', 'fluxo', 'geometria_colisao', 'antimateria_nucleos_leves']",2025,True
5308,Au,Au,200,GeV,sqrt_s_NN,STAR,RHIC,BNL,"['espectro_de_particulas', 'fluxo', 'geometria_colisao', 'antimateria_nucleos_leves']",2025,True
